TEST_0000,1
TEST_0001,1
TEST_0002,3
TEST_0003,5
TEST_0004,5
TEST_0005,3
TEST_0006,3
TEST_0007,5
TEST_0008,1
TEST_0009,2
TEST_0010,1
TEST_0011,3
TEST_0012,1
TEST_0013,5
TEST_0014,5
TEST_0015,3
TEST_0016,5
TEST_0017,1
TEST_0018,3
TEST_0019,1
TEST_0020,3
TEST_0021,3
TEST_0022,5
TEST_0023,3
TEST_0024,1
TEST_0025,1
TEST_0026,3
TEST_0027,3
TEST_0028,0
TEST_0029,1
TEST_0030,5
TEST_0031,3
TEST_0032,4
TEST_0033,0
TEST_0034,3
TEST_0035,5
TEST_0036,5
TEST_0037,1
TEST_0038,5
TEST_0039,5
TEST_0040,5
TEST_0041,5
TEST_0042,4
TEST_0043,3
TEST_0044,1
TEST_0045,2
TEST_0046,1
TEST_0047,5
TEST_0048,4
TEST_0049,5
TEST_0050,1
TEST_0051,1
TEST_0052,1
TEST_0053,4
TEST_0054,3
TEST_0055,0
TEST_0056,1
TEST_0057,1
TEST_0058,0
TEST_0059,3
TEST_0060,5
TEST_0061,1
TEST_0062,5
TEST_0063,5
TEST_0064,1
TEST_0065,1
TEST_0066,1
TEST_0067,1
TEST_0068,1
TEST_0069,1
TEST_0070,1
TEST_0071,5
TEST_0072,3
TEST_0073,1
TEST_0074,1
TEST_0075,3
TEST_0076,5
TEST_0077,3
TEST_0078,4
TEST_0079,4
TEST_0080,3
TEST_0081,1
TEST_0082,1
TEST_0083,1
TEST_0084,3
TEST_0085,5
TEST_0086,5
TEST_0087,5
TEST_0088,1
TEST_0089,1
TEST_0090,5
TEST_0091,1
TEST_0092,1
TEST_0093,5
TEST_0094,5
TEST_0095,5
TEST_0096,1
TEST_0097,0
TEST_0098,1
TEST_0099,1
TEST_0100,0
TEST_0101,3
TEST_0102,1
TEST_0103,3
TEST_0104,3
TEST_0105,0
TEST_0106,3
TEST_0107,3
TEST_0108,1
TEST_0109,0
TEST_0110,3
TEST_0111,5
TEST_0112,5
TEST_0113,0
TEST_0114,3
TEST_0115,3
TEST_0116,1
TEST_0117,5
TEST_0118,1
TEST_0119,1
TEST_0120,1
TEST_0121,0
TEST_0122,1
TEST_0123,1
TEST_0124,5
TEST_0125,5
TEST_0126,3
TEST_0127,1
TEST_0128,1
TEST_0129,1
TEST_0130,4
TEST_0131,5
TEST_0132,1
TEST_0133,1
TEST_0134,1
TEST_0135,5
TEST_0136,5
TEST_0137,5
TEST_0138,2
TEST_0139,5
TEST_0140,1
TEST_0141,1
TEST_0142,1
TEST_0143,1
TEST_0144,5
TEST_0145,1
TEST_0146,5
TEST_0147,1
TEST_0148,4
TEST_0149,1
TEST_0150,5
TEST_0151,1
TEST_0152,3
TEST_0153,5
TEST_0154,5
TEST_0155,5
TEST_0156,5
TEST_0157,1
TEST_0158,3
TEST_0159,1
TEST_0160,5
TEST_0161,1
TEST_0162,1
TEST_0163,3
TEST_0164,5
TEST_0165,4
TEST_0166,3
TEST_0167,0
TEST_0168,1
TEST_0169,3
TEST_0170,5
TEST_0171,1
TEST_0172,3
TEST_0173,5
TEST_0174,1
TEST_0175,5
TEST_0176,3
TEST_0177,5
TEST_0178,1
TEST_0179,1
TEST_0180,1
TEST_0181,1
TEST_0182,3
TEST_0183,3
TEST_0184,1
TEST_0185,3
TEST_0186,1
TEST_0187,5
TEST_0188,5
TEST_0189,1
TEST_0190,1
TEST_0191,5
TEST_0192,4
TEST_0193,4
TEST_0194,5
TEST_0195,1
TEST_0196,0
TEST_0197,3
TEST_0198,5
TEST_0199,2
TEST_0200,1
TEST_0201,5
TEST_0202,5
TEST_0203,4
TEST_0204,4
TEST_0205,2
TEST_0206,5
TEST_0207,1
TEST_0208,5
TEST_0209,1
TEST_0210,1
TEST_0211,5
TEST_0212,5
TEST_0213,1
TEST_0214,4
TEST_0215,1
TEST_0216,1
TEST_0217,5
TEST_0218,2
TEST_0219,5
TEST_0220,5
TEST_0221,5
TEST_0222,1
TEST_0223,5
TEST_0224,5
TEST_0225,5
TEST_0226,3
TEST_0227,1
TEST_0228,5
TEST_0229,3
TEST_0230,3
TEST_0231,1
TEST_0232,4
TEST_0233,1
TEST_0234,1
TEST_0235,1
TEST_0236,3
TEST_0237,3
TEST_0238,1
TEST_0239,1
TEST_0240,3
TEST_0241,1
TEST_0242,1
TEST_0243,3
TEST_0244,3
TEST_0245,1
TEST_0246,1
TEST_0247,3
TEST_0248,1
TEST_0249,4
TEST_0250,5
TEST_0251,4
TEST_0252,3
TEST_0253,1
TEST_0254,1
TEST_0255,3
TEST_0256,3
TEST_0257,5
TEST_0258,3
TEST_0259,1
TEST_0260,1
TEST_0261,3
TEST_0262,3
TEST_0263,1
TEST_0264,3
TEST_0265,4
TEST_0266,3
TEST_0267,1
TEST_0268,3
TEST_0269,5
TEST_0270,3
TEST_0271,3
TEST_0272,3
TEST_0273,1
TEST_0274,5
TEST_0275,3
TEST_0276,1
TEST_0277,3
TEST_0278,5
TEST_0279,3
TEST_0280,1
TEST_0281,3
TEST_0282,3
TEST_0283,3
TEST_0284,1
TEST_0285,5
TEST_0286,3
TEST_0287,3
TEST_0288,3
TEST_0289,4
TEST_0290,1
TEST_0291,3
TEST_0292,1
TEST_0293,5
TEST_0294,1
TEST_0295,2
TEST_0296,1
TEST_0297,0
TEST_0298,3
TEST_0299,5
TEST_0300,5
TEST_0301,5
TEST_0302,5
TEST_0303,5
TEST_0304,3
TEST_0305,1
TEST_0306,3
TEST_0307,4
TEST_0308,3
TEST_0309,4
TEST_0310,1
TEST_0311,1
TEST_0312,1
TEST_0313,3
TEST_0314,1
TEST_0315,3
TEST_0316,0
TEST_0317,1
TEST_0318,1
TEST_0319,5
TEST_0320,1
TEST_0321,1
TEST_0322,1
TEST_0323,5
TEST_0324,0
TEST_0325,1
TEST_0326,4
TEST_0327,1
TEST_0328,3
TEST_0329,1
TEST_0330,5
TEST_0331,1
TEST_0332,1
TEST_0333,3
TEST_0334,5
TEST_0335,4
TEST_0336,4
TEST_0337,1
TEST_0338,3
TEST_0339,0
TEST_0340,3
TEST_0341,0
TEST_0342,5
TEST_0343,3
TEST_0344,1
TEST_0345,3
TEST_0346,5
TEST_0347,0
TEST_0348,5
TEST_0349,1
TEST_0350,5
TEST_0351,1
TEST_0352,1
TEST_0353,5
TEST_0354,1
TEST_0355,2
TEST_0356,3
TEST_0357,5
TEST_0358,5
TEST_0359,3
TEST_0360,5
TEST_0361,5
TEST_0362,3
TEST_0363,3
TEST_0364,5
TEST_0365,3
TEST_0366,3
TEST_0367,1
TEST_0368,1
TEST_0369,1
TEST_0370,1
TEST_0371,5
TEST_0372,3
TEST_0373,4
TEST_0374,1
TEST_0375,3
TEST_0376,1
TEST_0377,1
TEST_0378,3
TEST_0379,3
TEST_0380,4
TEST_0381,1
TEST_0382,3
TEST_0383,3
TEST_0384,5
TEST_0385,4
TEST_0386,5
TEST_0387,1
TEST_0388,1
TEST_0389,0
TEST_0390,4
TEST_0391,3
TEST_0392,0
TEST_0393,5
TEST_0394,3
TEST_0395,3
TEST_0396,3
TEST_0397,3
TEST_0398,4
TEST_0399,3
TEST_0400,1
TEST_0401,3
TEST_0402,5
TEST_0403,1
TEST_0404,3
TEST_0405,1
TEST_0406,5
TEST_0407,3
TEST_0408,0
TEST_0409,5
TEST_0410,1
TEST_0411,0
TEST_0412,1
TEST_0413,4
TEST_0414,3
TEST_0415,1
TEST_0416,5
TEST_0417,5
TEST_0418,4
TEST_0419,5
TEST_0420,5
TEST_0421,1
TEST_0422,1
TEST_0423,5
TEST_0424,3
TEST_0425,3
TEST_0426,3
TEST_0427,5
TEST_0428,1
TEST_0429,3
TEST_0430,0
TEST_0431,1
TEST_0432,1
TEST_0433,3
TEST_0434,3
TEST_0435,4
TEST_0436,5
TEST_0437,1
TEST_0438,5
TEST_0439,3
TEST_0440,1
TEST_0441,1
TEST_0442,3
TEST_0443,5
TEST_0444,3
TEST_0445,5
TEST_0446,3
TEST_0447,0
TEST_0448,3
TEST_0449,0
TEST_0450,5
TEST_0451,5
TEST_0452,4
TEST_0453,5
TEST_0454,1
TEST_0455,1
TEST_0456,4
TEST_0457,4
TEST_0458,1
TEST_0459,3
TEST_0460,5
TEST_0461,5
TEST_0462,4
TEST_0463,1
TEST_0464,1
TEST_0465,1
TEST_0466,3
TEST_0467,4
TEST_0468,5
TEST_0469,4
TEST_0470,1
TEST_0471,3
TEST_0472,5
TEST_0473,4
TEST_0474,5
TEST_0475,1
TEST_0476,1
TEST_0477,1
TEST_0478,1
TEST_0479,1
TEST_0480,1
TEST_0481,1
TEST_0482,1
TEST_0483,3
TEST_0484,3
TEST_0485,3
TEST_0486,5
TEST_0487,3
TEST_0488,1
TEST_0489,1
TEST_0490,5
TEST_0491,1
TEST_0492,4
TEST_0493,5
TEST_0494,3
TEST_0495,1
TEST_0496,1
TEST_0497,3
TEST_0498,1
TEST_0499,3
TEST_0500,0
TEST_0501,0
TEST_0502,5
TEST_0503,1
TEST_0504,5
TEST_0505,4
TEST_0506,3
TEST_0507,5
TEST_0508,0
TEST_0509,2
TEST_0510,3
TEST_0511,1
TEST_0512,3
TEST_0513,1
TEST_0514,4
TEST_0515,3
TEST_0516,1
TEST_0517,5
TEST_0518,1
TEST_0519,3
TEST_0520,1
TEST_0521,1
TEST_0522,1
TEST_0523,1
TEST_0524,5
TEST_0525,3
TEST_0526,3
TEST_0527,1
TEST_0528,1
TEST_0529,1
TEST_0530,3
TEST_0531,1
TEST_0532,1
TEST_0533,3
TEST_0534,5
TEST_0535,5
TEST_0536,3
TEST_0537,2
TEST_0538,1
TEST_0539,1
TEST_0540,3
TEST_0541,1
TEST_0542,1
TEST_0543,1
TEST_0544,1
TEST_0545,1
TEST_0546,1
TEST_0547,3
TEST_0548,3
TEST_0549,3
TEST_0550,1
TEST_0551,5
TEST_0552,1
TEST_0553,1
TEST_0554,5
TEST_0555,1
TEST_0556,3
TEST_0557,1
TEST_0558,5
TEST_0559,3
TEST_0560,5
TEST_0561,1
TEST_0562,3
TEST_0563,1
TEST_0564,1
TEST_0565,1
TEST_0566,1
TEST_0567,1
TEST_0568,3
TEST_0569,1
TEST_0570,3
TEST_0571,5
TEST_0572,1
TEST_0573,1
TEST_0574,3
TEST_0575,5
TEST_0576,3
TEST_0577,3
TEST_0578,1
TEST_0579,5
TEST_0580,1
TEST_0581,1
TEST_0582,3
TEST_0583,1
TEST_0584,1
TEST_0585,3
TEST_0586,0
TEST_0587,1
TEST_0588,4
TEST_0589,3
TEST_0590,1
TEST_0591,5
TEST_0592,5
TEST_0593,1
TEST_0594,3
TEST_0595,5
TEST_0596,5
TEST_0597,5
TEST_0598,3
TEST_0599,5
TEST_0600,1
TEST_0601,5
TEST_0602,0
TEST_0603,3
TEST_0604,5
TEST_0605,1
TEST_0606,1
TEST_0607,3
TEST_0608,1
TEST_0609,1
TEST_0610,3
TEST_0611,5
TEST_0612,1
TEST_0613,3
TEST_0614,5
TEST_0615,1
TEST_0616,3
TEST_0617,5
TEST_0618,1
TEST_0619,1
TEST_0620,5
TEST_0621,1
TEST_0622,5
TEST_0623,5
TEST_0624,3
TEST_0625,3
TEST_0626,5
TEST_0627,5
TEST_0628,1
TEST_0629,3
TEST_0630,5
TEST_0631,3
TEST_0632,0
TEST_0633,3
TEST_0634,1
TEST_0635,3
TEST_0636,1
TEST_0637,5
TEST_0638,1
TEST_0639,1
TEST_0640,4
TEST_0641,1
TEST_0642,5
TEST_0643,3
TEST_0644,4
TEST_0645,1
TEST_0646,4
TEST_0647,0
TEST_0648,1
TEST_0649,0
TEST_0650,1
TEST_0651,5
TEST_0652,2
TEST_0653,0
TEST_0654,1
TEST_0655,3
TEST_0656,1
TEST_0657,0
TEST_0658,5
TEST_0659,5
TEST_0660,1
TEST_0661,1
TEST_0662,1
TEST_0663,5
TEST_0664,4
TEST_0665,3
TEST_0666,1
TEST_0667,5
TEST_0668,1
TEST_0669,1
TEST_0670,0
TEST_0671,4
TEST_0672,3
TEST_0673,3
TEST_0674,5
TEST_0675,5
TEST_0676,3
TEST_0677,1
TEST_0678,1
TEST_0679,0
TEST_0680,5
TEST_0681,1
TEST_0682,5
TEST_0683,3
TEST_0684,5
TEST_0685,1
TEST_0686,5
TEST_0687,1
TEST_0688,0
TEST_0689,1
TEST_0690,4
TEST_0691,1
TEST_0692,5
TEST_0693,3
TEST_0694,5
TEST_0695,1
TEST_0696,2
TEST_0697,1
TEST_0698,3
TEST_0699,1
TEST_0700,1
TEST_0701,1
TEST_0702,1
TEST_0703,1
TEST_0704,1
TEST_0705,1
TEST_0706,5
TEST_0707,4
TEST_0708,1
TEST_0709,1
TEST_0710,3
TEST_0711,5
TEST_0712,1
TEST_0713,5
TEST_0714,1
TEST_0715,5
TEST_0716,3
TEST_0717,1
TEST_0718,1
TEST_0719,1
TEST_0720,5
TEST_0721,1
TEST_0722,0
TEST_0723,1
TEST_0724,3
TEST_0725,3
TEST_0726,3
TEST_0727,5
TEST_0728,1
TEST_0729,1
TEST_0730,5
TEST_0731,4
TEST_0732,1
TEST_0733,1
TEST_0734,3
TEST_0735,1
TEST_0736,3
TEST_0737,3
TEST_0738,4
TEST_0739,1
TEST_0740,5
TEST_0741,1
TEST_0742,1
TEST_0743,1
TEST_0744,1
TEST_0745,5
TEST_0746,1
TEST_0747,3
TEST_0748,5
TEST_0749,1
TEST_0750,1
TEST_0751,5
TEST_0752,0
TEST_0753,3
TEST_0754,3
TEST_0755,1
TEST_0756,5
TEST_0757,3
TEST_0758,1
TEST_0759,3
TEST_0760,5
TEST_0761,5
TEST_0762,4
TEST_0763,1
TEST_0764,1
TEST_0765,3
TEST_0766,4
TEST_0767,3
TEST_0768,1
TEST_0769,1
TEST_0770,3
TEST_0771,1
TEST_0772,5
TEST_0773,1
TEST_0774,5
TEST_0775,1
TEST_0776,0
TEST_0777,3
TEST_0778,5
TEST_0779,5
TEST_0780,5
TEST_0781,5
TEST_0782,3
TEST_0783,3
TEST_0784,1
TEST_0785,1
TEST_0786,1
TEST_0787,1
TEST_0788,1
TEST_0789,1
TEST_0790,1
TEST_0791,3
TEST_0792,5
TEST_0793,1
TEST_0794,5
TEST_0795,1
TEST_0796,3
TEST_0797,1
TEST_0798,1
TEST_0799,3
TEST_0800,5
TEST_0801,1
TEST_0802,1
TEST_0803,5
TEST_0804,3
TEST_0805,4
TEST_0806,1
TEST_0807,0
TEST_0808,1
TEST_0809,0
TEST_0810,4
TEST_0811,5
TEST_0812,3
TEST_0813,3
TEST_0814,5
TEST_0815,0
TEST_0816,1
TEST_0817,0
TEST_0818,5
TEST_0819,5
TEST_0820,5
TEST_0821,4
TEST_0822,1
TEST_0823,3
TEST_0824,3
TEST_0825,1
TEST_0826,5
TEST_0827,1
TEST_0828,3
TEST_0829,1
TEST_0830,5
TEST_0831,3
TEST_0832,5
TEST_0833,5
TEST_0834,5
TEST_0835,5
TEST_0836,1
TEST_0837,2
TEST_0838,1
TEST_0839,5
TEST_0840,4
TEST_0841,1
TEST_0842,3
TEST_0843,3
TEST_0844,3
TEST_0845,3
TEST_0846,3
TEST_0847,1
TEST_0848,0
TEST_0849,3
TEST_0850,0
TEST_0851,3
TEST_0852,1
TEST_0853,1
TEST_0854,1
TEST_0855,5
TEST_0856,1
TEST_0857,1
TEST_0858,3
TEST_0859,1
TEST_0860,1
TEST_0861,3
TEST_0862,5
TEST_0863,1
TEST_0864,1
TEST_0865,1
TEST_0866,1
TEST_0867,5
TEST_0868,3
TEST_0869,5
TEST_0870,1
TEST_0871,1
TEST_0872,4
TEST_0873,5
TEST_0874,5
TEST_0875,1
TEST_0876,4
TEST_0877,3
TEST_0878,1
TEST_0879,3
TEST_0880,3
TEST_0881,3
TEST_0882,1
TEST_0883,5
TEST_0884,5
TEST_0885,3
TEST_0886,1
TEST_0887,3
TEST_0888,1
TEST_0889,3
TEST_0890,0
TEST_0891,3
TEST_0892,5
TEST_0893,3
TEST_0894,5
TEST_0895,5
TEST_0896,1
TEST_0897,1
TEST_0898,3
TEST_0899,5
TEST_0900,3
TEST_0901,3
TEST_0902,2
TEST_0903,5
TEST_0904,5
TEST_0905,3
TEST_0906,1
TEST_0907,3
TEST_0908,1
TEST_0909,1
TEST_0910,0
TEST_0911,1
TEST_0912,3
TEST_0913,0
TEST_0914,5
TEST_0915,5
TEST_0916,5
TEST_0917,3
TEST_0918,1
TEST_0919,4
TEST_0920,3
TEST_0921,1
TEST_0922,1
TEST_0923,3
TEST_0924,1
TEST_0925,5
TEST_0926,1
TEST_0927,1
TEST_0928,1
TEST_0929,1
TEST_0930,1
TEST_0931,3
TEST_0932,4
TEST_0933,1
TEST_0934,1
TEST_0935,4
TEST_0936,1
TEST_0937,0
TEST_0938,1
TEST_0939,3
TEST_0940,5
TEST_0941,5
TEST_0942,5
TEST_0943,1
TEST_0944,5
TEST_0945,0
TEST_0946,1
TEST_0947,5
TEST_0948,1
TEST_0949,5
TEST_0950,5
TEST_0951,5
TEST_0952,1
TEST_0953,3
TEST_0954,1
TEST_0955,1
TEST_0956,3
TEST_0957,3
TEST_0958,4
TEST_0959,3
TEST_0960,3
TEST_0961,1
TEST_0962,1
TEST_0963,1
TEST_0964,3
TEST_0965,3
TEST_0966,0
TEST_0967,5
TEST_0968,1
TEST_0969,5
TEST_0970,5
TEST_0971,1
TEST_0972,1
TEST_0973,1
TEST_0974,3
TEST_0975,0
TEST_0976,2
TEST_0977,5
TEST_0978,5
TEST_0979,1
TEST_0980,1
TEST_0981,1
TEST_0982,1
TEST_0983,5
TEST_0984,3
TEST_0985,1
TEST_0986,3
TEST_0987,1
TEST_0988,0
TEST_0989,5
TEST_0990,1
TEST_0991,3
TEST_0992,3
TEST_0993,5
TEST_0994,3
TEST_0995,1
TEST_0996,1
TEST_0997,3
TEST_0998,5
TEST_0999,1
TEST_1000,3
TEST_1001,1
TEST_1002,3
TEST_1003,5
TEST_1004,3
TEST_1005,1
TEST_1006,1
TEST_1007,1
TEST_1008,3
TEST_1009,3
TEST_1010,3
TEST_1011,3
TEST_1012,1
TEST_1013,1
TEST_1014,4
TEST_1015,5
TEST_1016,3
TEST_1017,1
TEST_1018,1
TEST_1019,0
TEST_1020,1
TEST_1021,1
TEST_1022,5
TEST_1023,3
TEST_1024,5
TEST_1025,5
TEST_1026,1
TEST_1027,1
TEST_1028,3
TEST_1029,5
TEST_1030,1
TEST_1031,3
TEST_1032,5
TEST_1033,0
TEST_1034,1
TEST_1035,1
TEST_1036,1
TEST_1037,5
TEST_1038,5
TEST_1039,4
TEST_1040,5
TEST_1041,1
TEST_1042,1
TEST_1043,1
TEST_1044,3
TEST_1045,5
TEST_1046,1
TEST_1047,1
TEST_1048,5
TEST_1049,1
TEST_1050,5
TEST_1051,4
TEST_1052,4
TEST_1053,1
TEST_1054,4
TEST_1055,0
TEST_1056,3
TEST_1057,0
TEST_1058,5
TEST_1059,5
TEST_1060,4
TEST_1061,1
TEST_1062,1
TEST_1063,1
TEST_1064,4
TEST_1065,1
TEST_1066,1
TEST_1067,5
TEST_1068,0
TEST_1069,1
TEST_1070,3
TEST_1071,3
TEST_1072,5
TEST_1073,1
TEST_1074,0
TEST_1075,3
TEST_1076,1
TEST_1077,1
TEST_1078,4
TEST_1079,5
TEST_1080,5
TEST_1081,0
TEST_1082,4
TEST_1083,2
TEST_1084,5
TEST_1085,3
TEST_1086,3
TEST_1087,5
TEST_1088,2
TEST_1089,1
TEST_1090,1
TEST_1091,1
TEST_1092,3
TEST_1093,5
TEST_1094,5
TEST_1095,5
TEST_1096,1
TEST_1097,3
TEST_1098,2
TEST_1099,3
TEST_1100,1
TEST_1101,1
TEST_1102,2
TEST_1103,5
TEST_1104,5
TEST_1105,3
TEST_1106,0
TEST_1107,1
TEST_1108,1
TEST_1109,3
TEST_1110,1
TEST_1111,1
TEST_1112,2
TEST_1113,1
TEST_1114,1
TEST_1115,1
TEST_1116,1
TEST_1117,5
TEST_1118,5
TEST_1119,3
TEST_1120,3
TEST_1121,1
TEST_1122,5
TEST_1123,3
TEST_1124,1
TEST_1125,0
TEST_1126,3
TEST_1127,3
TEST_1128,1
TEST_1129,1
TEST_1130,3
TEST_1131,4
TEST_1132,1
TEST_1133,1
TEST_1134,5
TEST_1135,5
TEST_1136,3
TEST_1137,0
TEST_1138,3
TEST_1139,1
TEST_1140,5
TEST_1141,1
TEST_1142,1
TEST_1143,3
TEST_1144,0
TEST_1145,1
TEST_1146,5
TEST_1147,1
TEST_1148,1
TEST_1149,4
TEST_1150,5
TEST_1151,5
TEST_1152,5
TEST_1153,5
TEST_1154,5
TEST_1155,5
TEST_1156,1
TEST_1157,1
TEST_1158,1
TEST_1159,1
TEST_1160,1
TEST_1161,5
TEST_1162,1
TEST_1163,4
TEST_1164,3
TEST_1165,1
TEST_1166,3
TEST_1167,1
TEST_1168,3
TEST_1169,0
TEST_1170,5
TEST_1171,3
TEST_1172,1
TEST_1173,5
TEST_1174,3
TEST_1175,5
TEST_1176,4
TEST_1177,2
TEST_1178,5
TEST_1179,1
TEST_1180,3
TEST_1181,1
TEST_1182,5
TEST_1183,1
TEST_1184,3
TEST_1185,3
TEST_1186,3
TEST_1187,1
TEST_1188,5
TEST_1189,1
TEST_1190,0
TEST_1191,1
TEST_1192,3
TEST_1193,3
TEST_1194,1
TEST_1195,1
TEST_1196,1
TEST_1197,3
TEST_1198,5
TEST_1199,0
TEST_1200,5
TEST_1201,1
TEST_1202,3
TEST_1203,3
TEST_1204,1
TEST_1205,5
TEST_1206,5
TEST_1207,3
TEST_1208,1
TEST_1209,4
TEST_1210,5
TEST_1211,5
TEST_1212,4
TEST_1213,4
TEST_1214,5
TEST_1215,1
TEST_1216,5
TEST_1217,3
TEST_1218,3
TEST_1219,3
TEST_1220,3
TEST_1221,5
TEST_1222,4
TEST_1223,1
TEST_1224,4
TEST_1225,2
TEST_1226,0
TEST_1227,3
TEST_1228,1
TEST_1229,3
TEST_1230,1
TEST_1231,1
TEST_1232,5
TEST_1233,5
TEST_1234,1
TEST_1235,3
TEST_1236,1
TEST_1237,5
TEST_1238,3
TEST_1239,5
TEST_1240,4
TEST_1241,1
TEST_1242,4
TEST_1243,3
TEST_1244,3
TEST_1245,1
TEST_1246,2
TEST_1247,4
TEST_1248,1
TEST_1249,4
TEST_1250,1
TEST_1251,3
TEST_1252,4
TEST_1253,3
TEST_1254,3
TEST_1255,1
TEST_1256,1
TEST_1257,5
TEST_1258,1
TEST_1259,4
TEST_1260,1
TEST_1261,1
TEST_1262,3
TEST_1263,3
TEST_1264,3
TEST_1265,3
TEST_1266,3
TEST_1267,0
TEST_1268,1
TEST_1269,5
TEST_1270,1
TEST_1271,1
TEST_1272,1
TEST_1273,1
TEST_1274,3
TEST_1275,2
TEST_1276,5
TEST_1277,1
TEST_1278,1
TEST_1279,5
TEST_1280,1
TEST_1281,3
TEST_1282,1
TEST_1283,3
TEST_1284,1
TEST_1285,5
TEST_1286,1
TEST_1287,5
TEST_1288,1
TEST_1289,1
TEST_1290,5
TEST_1291,3
TEST_1292,5
TEST_1293,5
TEST_1294,3
TEST_1295,5
TEST_1296,3
TEST_1297,4
TEST_1298,0
TEST_1299,3
TEST_1300,0
TEST_1301,4
TEST_1302,1
TEST_1303,5
TEST_1304,5
TEST_1305,2
TEST_1306,1
TEST_1307,3
TEST_1308,1
TEST_1309,3
TEST_1310,5
TEST_1311,1
TEST_1312,3
TEST_1313,5
TEST_1314,1
TEST_1315,0
TEST_1316,5
TEST_1317,4
TEST_1318,1
TEST_1319,5
TEST_1320,4
TEST_1321,1
TEST_1322,1
TEST_1323,3
TEST_1324,1
TEST_1325,1
TEST_1326,4
TEST_1327,3
TEST_1328,5
TEST_1329,1
TEST_1330,5
TEST_1331,5
TEST_1332,5
TEST_1333,3
TEST_1334,5
TEST_1335,0
TEST_1336,3
TEST_1337,3
TEST_1338,3
TEST_1339,1
TEST_1340,3
TEST_1341,4
TEST_1342,3
TEST_1343,3
TEST_1344,1
TEST_1345,0
TEST_1346,3
TEST_1347,3
TEST_1348,1
TEST_1349,5
TEST_1350,1
TEST_1351,0
TEST_1352,3
TEST_1353,1
TEST_1354,1
TEST_1355,5
TEST_1356,3
TEST_1357,2
TEST_1358,3
TEST_1359,3
TEST_1360,5
TEST_1361,1
TEST_1362,4
TEST_1363,3
TEST_1364,5
TEST_1365,3
TEST_1366,5
TEST_1367,4
TEST_1368,1
TEST_1369,5
TEST_1370,1
TEST_1371,1
TEST_1372,3
TEST_1373,5
TEST_1374,3
TEST_1375,1
TEST_1376,1
TEST_1377,5
TEST_1378,0
TEST_1379,1
TEST_1380,5
TEST_1381,0
TEST_1382,4
TEST_1383,5
TEST_1384,1
TEST_1385,1
TEST_1386,1
TEST_1387,1
TEST_1388,1
TEST_1389,5
TEST_1390,1
TEST_1391,1
TEST_1392,5
TEST_1393,5
TEST_1394,0
TEST_1395,3
TEST_1396,3
TEST_1397,1
TEST_1398,5
TEST_1399,1
TEST_1400,3
TEST_1401,0
TEST_1402,1
TEST_1403,1
TEST_1404,1
TEST_1405,0
TEST_1406,1
TEST_1407,1
TEST_1408,3
TEST_1409,5
TEST_1410,1
TEST_1411,1
TEST_1412,5
TEST_1413,1
TEST_1414,5
TEST_1415,5
TEST_1416,1
TEST_1417,1
TEST_1418,4
TEST_1419,5
TEST_1420,5
TEST_1421,5
TEST_1422,1
TEST_1423,3
TEST_1424,1
TEST_1425,0
TEST_1426,3
TEST_1427,1
TEST_1428,4
TEST_1429,3
TEST_1430,2
TEST_1431,3
TEST_1432,0
TEST_1433,3
TEST_1434,5
TEST_1435,5
TEST_1436,5
TEST_1437,5
TEST_1438,5
TEST_1439,1
TEST_1440,5
TEST_1441,1
TEST_1442,0
TEST_1443,1
TEST_1444,1
TEST_1445,1
TEST_1446,5
TEST_1447,4
TEST_1448,5
TEST_1449,3
TEST_1450,4
TEST_1451,0
TEST_1452,3
TEST_1453,1
TEST_1454,3
TEST_1455,4
TEST_1456,1
TEST_1457,1
TEST_1458,4
TEST_1459,1
TEST_1460,5
TEST_1461,5
TEST_1462,1
TEST_1463,5
TEST_1464,5
TEST_1465,0
TEST_1466,1
TEST_1467,1
TEST_1468,1
TEST_1469,5
TEST_1470,3
TEST_1471,3
TEST_1472,1
TEST_1473,1
TEST_1474,0
TEST_1475,1
TEST_1476,3
TEST_1477,4
TEST_1478,3
TEST_1479,3
TEST_1480,0
TEST_1481,5
TEST_1482,1
TEST_1483,0
TEST_1484,1
TEST_1485,1
TEST_1486,3
TEST_1487,5
TEST_1488,1
TEST_1489,0
TEST_1490,1
TEST_1491,1
TEST_1492,1
TEST_1493,3
TEST_1494,1
TEST_1495,1
TEST_1496,1
TEST_1497,1
TEST_1498,3
TEST_1499,4
TEST_1500,1
TEST_1501,3
TEST_1502,1
TEST_1503,1
TEST_1504,3
TEST_1505,1
TEST_1506,1
TEST_1507,1
TEST_1508,1
TEST_1509,3
TEST_1510,5
TEST_1511,5
TEST_1512,1
TEST_1513,5
TEST_1514,3
TEST_1515,1
TEST_1516,5
TEST_1517,1
TEST_1518,5
TEST_1519,1
TEST_1520,1
TEST_1521,3
TEST_1522,2
TEST_1523,1
TEST_1524,3
TEST_1525,3
TEST_1526,1
TEST_1527,3
TEST_1528,3
TEST_1529,3
TEST_1530,1
TEST_1531,1
TEST_1532,1
TEST_1533,1
TEST_1534,5
TEST_1535,1
TEST_1536,1
TEST_1537,1
TEST_1538,1
TEST_1539,1
TEST_1540,3
TEST_1541,3
TEST_1542,3
TEST_1543,0
TEST_1544,3
TEST_1545,1
TEST_1546,5
TEST_1547,5
TEST_1548,1
TEST_1549,1
TEST_1550,3
TEST_1551,0
TEST_1552,4
TEST_1553,2
TEST_1554,3
TEST_1555,1
TEST_1556,2
TEST_1557,5
TEST_1558,3
TEST_1559,1
TEST_1560,4
TEST_1561,3
TEST_1562,3
TEST_1563,1
TEST_1564,3
TEST_1565,1
TEST_1566,5
TEST_1567,0
TEST_1568,0
TEST_1569,1
TEST_1570,1
TEST_1571,3
TEST_1572,1
TEST_1573,3
TEST_1574,1
TEST_1575,1
TEST_1576,1
TEST_1577,3
TEST_1578,1
TEST_1579,1
TEST_1580,5
TEST_1581,4
TEST_1582,3
TEST_1583,5
TEST_1584,5
TEST_1585,3
TEST_1586,5
TEST_1587,1
TEST_1588,1
TEST_1589,1
TEST_1590,1
TEST_1591,5
TEST_1592,1
TEST_1593,3
TEST_1594,5
TEST_1595,3
TEST_1596,3
TEST_1597,1
TEST_1598,5
TEST_1599,3
TEST_1600,1
TEST_1601,1
TEST_1602,1
TEST_1603,3
TEST_1604,1
TEST_1605,3
TEST_1606,1
TEST_1607,5
TEST_1608,4
TEST_1609,5
TEST_1610,1
TEST_1611,3
TEST_1612,1
TEST_1613,5
TEST_1614,1
TEST_1615,0
TEST_1616,1
TEST_1617,5
TEST_1618,1
TEST_1619,0
TEST_1620,0
TEST_1621,1
TEST_1622,1
TEST_1623,1
TEST_1624,3
TEST_1625,5
TEST_1626,3
TEST_1627,4
TEST_1628,1
TEST_1629,5
TEST_1630,1
TEST_1631,3
TEST_1632,1
TEST_1633,1
TEST_1634,3
TEST_1635,5
TEST_1636,0
TEST_1637,4
TEST_1638,4
TEST_1639,1
TEST_1640,1
TEST_1641,1
TEST_1642,4
TEST_1643,5
TEST_1644,1
TEST_1645,5
TEST_1646,5
TEST_1647,1
TEST_1648,5
TEST_1649,5
TEST_1650,5
TEST_1651,1
TEST_1652,1
TEST_1653,1
TEST_1654,3
TEST_1655,3
TEST_1656,5
TEST_1657,5
TEST_1658,1
TEST_1659,3
TEST_1660,5
TEST_1661,5
TEST_1662,1
TEST_1663,4
TEST_1664,4
TEST_1665,5
TEST_1666,1
TEST_1667,3
TEST_1668,1
TEST_1669,1
TEST_1670,1
TEST_1671,1
TEST_1672,1
TEST_1673,1
TEST_1674,1
TEST_1675,1
TEST_1676,5
TEST_1677,5
TEST_1678,1
TEST_1679,1
TEST_1680,1
TEST_1681,5
TEST_1682,1
TEST_1683,5
TEST_1684,3
TEST_1685,1
TEST_1686,3
TEST_1687,4
TEST_1688,3
TEST_1689,5
TEST_1690,3
TEST_1691,0
TEST_1692,3
TEST_1693,3
TEST_1694,1
TEST_1695,0
TEST_1696,1
TEST_1697,5
TEST_1698,1
TEST_1699,4
TEST_1700,4
TEST_1701,4
TEST_1702,1
TEST_1703,5
TEST_1704,1
TEST_1705,5
TEST_1706,3
TEST_1707,5
TEST_1708,3
TEST_1709,3
TEST_1710,1
TEST_1711,3
TEST_1712,5
TEST_1713,1
TEST_1714,1
TEST_1715,0
TEST_1716,3
TEST_1717,1
TEST_1718,0
TEST_1719,5
TEST_1720,5
TEST_1721,1
TEST_1722,5
TEST_1723,1
TEST_1724,5
TEST_1725,2
TEST_1726,1
TEST_1727,5
TEST_1728,1
TEST_1729,1
TEST_1730,3
TEST_1731,3
TEST_1732,1
TEST_1733,5
TEST_1734,5
TEST_1735,0
TEST_1736,2
TEST_1737,0
TEST_1738,1
TEST_1739,3
TEST_1740,1
TEST_1741,5
TEST_1742,5
TEST_1743,1
TEST_1744,2
TEST_1745,4
TEST_1746,1
TEST_1747,3
TEST_1748,5
TEST_1749,5
TEST_1750,1
TEST_1751,1
TEST_1752,5
TEST_1753,3
TEST_1754,5
TEST_1755,3
TEST_1756,1
TEST_1757,3
TEST_1758,4
TEST_1759,1
TEST_1760,1
TEST_1761,1
TEST_1762,1
TEST_1763,0
TEST_1764,1
TEST_1765,5
TEST_1766,4
TEST_1767,1
TEST_1768,4
TEST_1769,3
TEST_1770,3
TEST_1771,1
TEST_1772,1
TEST_1773,4
TEST_1774,0
TEST_1775,5
TEST_1776,3
TEST_1777,1
TEST_1778,3
TEST_1779,5
TEST_1780,1
TEST_1781,1
TEST_1782,5
TEST_1783,5
TEST_1784,3
TEST_1785,1
TEST_1786,1
TEST_1787,4
TEST_1788,1
TEST_1789,3
TEST_1790,5
TEST_1791,0
TEST_1792,1
TEST_1793,3
TEST_1794,5
TEST_1795,1
TEST_1796,5
TEST_1797,5
TEST_1798,1
TEST_1799,0
TEST_1800,0
TEST_1801,1
TEST_1802,3
TEST_1803,1
TEST_1804,1
TEST_1805,1
TEST_1806,5
TEST_1807,1
TEST_1808,5
TEST_1809,1
TEST_1810,1
TEST_1811,3
TEST_1812,5
TEST_1813,3
TEST_1814,1
TEST_1815,1
TEST_1816,1
TEST_1817,5
TEST_1818,3
TEST_1819,5
TEST_1820,1
TEST_1821,4
TEST_1822,1
TEST_1823,0
TEST_1824,1
TEST_1825,3
TEST_1826,0
TEST_1827,4
TEST_1828,5
TEST_1829,3
TEST_1830,1
TEST_1831,1
TEST_1832,3
TEST_1833,1
TEST_1834,5
TEST_1835,2
TEST_1836,5
TEST_1837,3
TEST_1838,1
TEST_1839,4
TEST_1840,1
TEST_1841,5
TEST_1842,3
TEST_1843,5
TEST_1844,1
TEST_1845,5
TEST_1846,3
TEST_1847,5
TEST_1848,5
TEST_1849,3
TEST_1850,1
TEST_1851,1
TEST_1852,5
TEST_1853,0
TEST_1854,5
TEST_1855,0
TEST_1856,3
TEST_1857,4
TEST_1858,1
TEST_1859,5
TEST_1860,5
TEST_1861,1
TEST_1862,5
TEST_1863,3
TEST_1864,5
TEST_1865,2
TEST_1866,1
TEST_1867,1
TEST_1868,1
TEST_1869,3
TEST_1870,1
TEST_1871,1
TEST_1872,3
TEST_1873,1
TEST_1874,5
TEST_1875,1
TEST_1876,5
TEST_1877,1
TEST_1878,5
TEST_1879,4
TEST_1880,5
