id,path,label
TRAIN_1501,./train/TRAIN_1501.wav,5
TRAIN_2586,./train/TRAIN_2586.wav,5
TRAIN_2653,./train/TRAIN_2653.wav,4
TRAIN_1055,./train/TRAIN_1055.wav,4
TRAIN_0705,./train/TRAIN_0705.wav,2
TRAIN_0106,./train/TRAIN_0106.wav,1
TRAIN_0589,./train/TRAIN_0589.wav,2
TRAIN_2468,./train/TRAIN_2468.wav,1
TRAIN_2413,./train/TRAIN_2413.wav,1
TRAIN_1600,./train/TRAIN_1600.wav,0
TRAIN_2464,./train/TRAIN_2464.wav,0
TRAIN_0228,./train/TRAIN_0228.wav,3
TRAIN_0915,./train/TRAIN_0915.wav,0
TRAIN_0794,./train/TRAIN_0794.wav,3
TRAIN_3021,./train/TRAIN_3021.wav,2
TRAIN_3543,./train/TRAIN_3543.wav,4
TRAIN_1073,./train/TRAIN_1073.wav,5
TRAIN_3351,./train/TRAIN_3351.wav,3
TRAIN_1744,./train/TRAIN_1744.wav,3
TRAIN_1084,./train/TRAIN_1084.wav,4
TRAIN_0926,./train/TRAIN_0926.wav,2
TRAIN_3049,./train/TRAIN_3049.wav,0
TRAIN_1117,./train/TRAIN_1117.wav,5
TRAIN_0642,./train/TRAIN_0642.wav,1
TRAIN_4768,./train/TRAIN_4768.wav,4
TRAIN_0501,./train/TRAIN_0501.wav,2
TRAIN_4066,./train/TRAIN_4066.wav,2
TRAIN_0333,./train/TRAIN_0333.wav,4
TRAIN_4685,./train/TRAIN_4685.wav,3
TRAIN_0486,./train/TRAIN_0486.wav,4
TRAIN_1962,./train/TRAIN_1962.wav,1
TRAIN_0393,./train/TRAIN_0393.wav,1
TRAIN_4983,./train/TRAIN_4983.wav,3
TRAIN_4867,./train/TRAIN_4867.wav,5
TRAIN_1755,./train/TRAIN_1755.wav,2
TRAIN_2515,./train/TRAIN_2515.wav,3
TRAIN_3585,./train/TRAIN_3585.wav,3
TRAIN_4316,./train/TRAIN_4316.wav,4
TRAIN_4967,./train/TRAIN_4967.wav,3
TRAIN_2099,./train/TRAIN_2099.wav,0
TRAIN_3599,./train/TRAIN_3599.wav,1
TRAIN_4121,./train/TRAIN_4121.wav,0
TRAIN_0029,./train/TRAIN_0029.wav,3
TRAIN_0065,./train/TRAIN_0065.wav,3
TRAIN_0838,./train/TRAIN_0838.wav,4
TRAIN_3906,./train/TRAIN_3906.wav,5
TRAIN_3773,./train/TRAIN_3773.wav,5
TRAIN_4880,./train/TRAIN_4880.wav,3
TRAIN_3161,./train/TRAIN_3161.wav,3
TRAIN_2659,./train/TRAIN_2659.wav,0
TRAIN_4616,./train/TRAIN_4616.wav,0
TRAIN_4629,./train/TRAIN_4629.wav,5
TRAIN_2451,./train/TRAIN_2451.wav,3
TRAIN_2846,./train/TRAIN_2846.wav,3
TRAIN_1144,./train/TRAIN_1144.wav,3
TRAIN_3078,./train/TRAIN_3078.wav,3
TRAIN_1103,./train/TRAIN_1103.wav,3
TRAIN_0168,./train/TRAIN_0168.wav,0
TRAIN_1670,./train/TRAIN_1670.wav,4
TRAIN_2570,./train/TRAIN_2570.wav,5
TRAIN_2377,./train/TRAIN_2377.wav,5
TRAIN_4396,./train/TRAIN_4396.wav,3
TRAIN_4258,./train/TRAIN_4258.wav,4
TRAIN_3862,./train/TRAIN_3862.wav,3
TRAIN_0023,./train/TRAIN_0023.wav,5
TRAIN_2633,./train/TRAIN_2633.wav,5
TRAIN_3340,./train/TRAIN_3340.wav,2
TRAIN_2215,./train/TRAIN_2215.wav,5
TRAIN_3682,./train/TRAIN_3682.wav,4
TRAIN_4725,./train/TRAIN_4725.wav,2
TRAIN_1907,./train/TRAIN_1907.wav,3
TRAIN_0084,./train/TRAIN_0084.wav,3
TRAIN_0227,./train/TRAIN_0227.wav,3
TRAIN_0296,./train/TRAIN_0296.wav,5
TRAIN_1001,./train/TRAIN_1001.wav,0
TRAIN_2138,./train/TRAIN_2138.wav,1
TRAIN_0711,./train/TRAIN_0711.wav,5
TRAIN_2801,./train/TRAIN_2801.wav,2
TRAIN_2527,./train/TRAIN_2527.wav,3
TRAIN_3752,./train/TRAIN_3752.wav,5
TRAIN_3321,./train/TRAIN_3321.wav,4
TRAIN_3181,./train/TRAIN_3181.wav,3
TRAIN_4183,./train/TRAIN_4183.wav,0
TRAIN_1615,./train/TRAIN_1615.wav,5
TRAIN_3024,./train/TRAIN_3024.wav,1
TRAIN_1413,./train/TRAIN_1413.wav,5
TRAIN_0763,./train/TRAIN_0763.wav,2
TRAIN_0655,./train/TRAIN_0655.wav,4
TRAIN_4938,./train/TRAIN_4938.wav,4
TRAIN_3849,./train/TRAIN_3849.wav,1
TRAIN_4153,./train/TRAIN_4153.wav,2
TRAIN_0468,./train/TRAIN_0468.wav,1
TRAIN_0157,./train/TRAIN_0157.wav,5
TRAIN_1295,./train/TRAIN_1295.wav,0
TRAIN_0497,./train/TRAIN_0497.wav,1
TRAIN_4741,./train/TRAIN_4741.wav,5
TRAIN_2940,./train/TRAIN_2940.wav,3
TRAIN_3456,./train/TRAIN_3456.wav,4
TRAIN_0373,./train/TRAIN_0373.wav,2
TRAIN_0079,./train/TRAIN_0079.wav,5
TRAIN_1553,./train/TRAIN_1553.wav,5
TRAIN_1669,./train/TRAIN_1669.wav,1
TRAIN_2131,./train/TRAIN_2131.wav,3
TRAIN_4440,./train/TRAIN_4440.wav,0
TRAIN_0465,./train/TRAIN_0465.wav,4
TRAIN_0248,./train/TRAIN_0248.wav,1
TRAIN_0931,./train/TRAIN_0931.wav,2
TRAIN_1335,./train/TRAIN_1335.wav,4
TRAIN_4525,./train/TRAIN_4525.wav,4
TRAIN_1338,./train/TRAIN_1338.wav,0
TRAIN_1406,./train/TRAIN_1406.wav,1
TRAIN_1090,./train/TRAIN_1090.wav,0
TRAIN_4209,./train/TRAIN_4209.wav,5
TRAIN_0742,./train/TRAIN_0742.wav,2
TRAIN_2323,./train/TRAIN_2323.wav,1
TRAIN_3601,./train/TRAIN_3601.wav,1
TRAIN_2123,./train/TRAIN_2123.wav,1
TRAIN_2094,./train/TRAIN_2094.wav,0
TRAIN_0240,./train/TRAIN_0240.wav,5
TRAIN_2351,./train/TRAIN_2351.wav,2
TRAIN_1370,./train/TRAIN_1370.wav,3
TRAIN_1057,./train/TRAIN_1057.wav,3
TRAIN_4817,./train/TRAIN_4817.wav,3
TRAIN_0199,./train/TRAIN_0199.wav,3
TRAIN_2280,./train/TRAIN_2280.wav,1
TRAIN_4750,./train/TRAIN_4750.wav,3
TRAIN_2220,./train/TRAIN_2220.wav,4
TRAIN_4683,./train/TRAIN_4683.wav,2
TRAIN_2819,./train/TRAIN_2819.wav,4
TRAIN_3150,./train/TRAIN_3150.wav,0
TRAIN_4257,./train/TRAIN_4257.wav,5
TRAIN_3107,./train/TRAIN_3107.wav,5
TRAIN_1973,./train/TRAIN_1973.wav,0
TRAIN_1375,./train/TRAIN_1375.wav,1
TRAIN_3968,./train/TRAIN_3968.wav,0
TRAIN_4062,./train/TRAIN_4062.wav,3
TRAIN_4446,./train/TRAIN_4446.wav,4
TRAIN_3557,./train/TRAIN_3557.wav,2
TRAIN_0964,./train/TRAIN_0964.wav,5
TRAIN_0179,./train/TRAIN_0179.wav,5
TRAIN_3698,./train/TRAIN_3698.wav,1
TRAIN_3821,./train/TRAIN_3821.wav,5
TRAIN_4879,./train/TRAIN_4879.wav,4
TRAIN_3899,./train/TRAIN_3899.wav,4
TRAIN_4890,./train/TRAIN_4890.wav,3
TRAIN_3238,./train/TRAIN_3238.wav,3
TRAIN_2974,./train/TRAIN_2974.wav,2
TRAIN_3580,./train/TRAIN_3580.wav,2
TRAIN_2887,./train/TRAIN_2887.wav,3
TRAIN_2575,./train/TRAIN_2575.wav,5
TRAIN_1419,./train/TRAIN_1419.wav,3
TRAIN_3907,./train/TRAIN_3907.wav,2
TRAIN_4674,./train/TRAIN_4674.wav,2
TRAIN_4599,./train/TRAIN_4599.wav,3
TRAIN_1860,./train/TRAIN_1860.wav,5
TRAIN_0008,./train/TRAIN_0008.wav,2
TRAIN_2894,./train/TRAIN_2894.wav,5
TRAIN_2847,./train/TRAIN_2847.wav,4
TRAIN_3664,./train/TRAIN_3664.wav,1
TRAIN_0144,./train/TRAIN_0144.wav,3
TRAIN_2104,./train/TRAIN_2104.wav,2
TRAIN_3143,./train/TRAIN_3143.wav,5
TRAIN_0841,./train/TRAIN_0841.wav,3
TRAIN_1128,./train/TRAIN_1128.wav,5
TRAIN_0151,./train/TRAIN_0151.wav,2
TRAIN_3591,./train/TRAIN_3591.wav,2
TRAIN_1052,./train/TRAIN_1052.wav,3
TRAIN_1590,./train/TRAIN_1590.wav,1
TRAIN_3008,./train/TRAIN_3008.wav,1
TRAIN_2029,./train/TRAIN_2029.wav,5
TRAIN_3418,./train/TRAIN_3418.wav,4
TRAIN_1807,./train/TRAIN_1807.wav,1
TRAIN_2696,./train/TRAIN_2696.wav,4
TRAIN_3039,./train/TRAIN_3039.wav,4
TRAIN_0472,./train/TRAIN_0472.wav,5
TRAIN_3289,./train/TRAIN_3289.wav,4
TRAIN_4074,./train/TRAIN_4074.wav,5
TRAIN_3496,./train/TRAIN_3496.wav,2
TRAIN_0279,./train/TRAIN_0279.wav,2
TRAIN_1741,./train/TRAIN_1741.wav,4
TRAIN_4250,./train/TRAIN_4250.wav,5
TRAIN_2886,./train/TRAIN_2886.wav,4
TRAIN_1941,./train/TRAIN_1941.wav,4
TRAIN_0100,./train/TRAIN_0100.wav,4
TRAIN_2804,./train/TRAIN_2804.wav,0
TRAIN_3570,./train/TRAIN_3570.wav,0
TRAIN_3684,./train/TRAIN_3684.wav,3
TRAIN_3661,./train/TRAIN_3661.wav,3
TRAIN_0530,./train/TRAIN_0530.wav,3
TRAIN_1886,./train/TRAIN_1886.wav,0
TRAIN_0681,./train/TRAIN_0681.wav,2
TRAIN_3794,./train/TRAIN_3794.wav,1
TRAIN_3944,./train/TRAIN_3944.wav,1
TRAIN_4667,./train/TRAIN_4667.wav,4
TRAIN_2018,./train/TRAIN_2018.wav,3
TRAIN_1096,./train/TRAIN_1096.wav,1
TRAIN_0829,./train/TRAIN_0829.wav,3
TRAIN_2805,./train/TRAIN_2805.wav,4
TRAIN_3829,./train/TRAIN_3829.wav,4
TRAIN_4382,./train/TRAIN_4382.wav,0
TRAIN_3891,./train/TRAIN_3891.wav,1
TRAIN_0764,./train/TRAIN_0764.wav,1
TRAIN_2767,./train/TRAIN_2767.wav,5
TRAIN_4329,./train/TRAIN_4329.wav,2
TRAIN_3295,./train/TRAIN_3295.wav,1
TRAIN_2194,./train/TRAIN_2194.wav,1
TRAIN_2357,./train/TRAIN_2357.wav,0
TRAIN_3425,./train/TRAIN_3425.wav,4
TRAIN_3979,./train/TRAIN_3979.wav,2
TRAIN_0911,./train/TRAIN_0911.wav,1
TRAIN_3145,./train/TRAIN_3145.wav,5
TRAIN_0999,./train/TRAIN_0999.wav,5
TRAIN_3653,./train/TRAIN_3653.wav,4
TRAIN_2483,./train/TRAIN_2483.wav,4
TRAIN_4076,./train/TRAIN_4076.wav,2
TRAIN_2370,./train/TRAIN_2370.wav,1
TRAIN_4839,./train/TRAIN_4839.wav,0
TRAIN_0033,./train/TRAIN_0033.wav,0
TRAIN_3789,./train/TRAIN_3789.wav,1
TRAIN_1020,./train/TRAIN_1020.wav,5
TRAIN_1647,./train/TRAIN_1647.wav,1
TRAIN_0733,./train/TRAIN_0733.wav,2
TRAIN_4632,./train/TRAIN_4632.wav,2
TRAIN_3274,./train/TRAIN_3274.wav,3
TRAIN_1620,./train/TRAIN_1620.wav,2
TRAIN_3135,./train/TRAIN_3135.wav,1
TRAIN_2689,./train/TRAIN_2689.wav,5
TRAIN_2707,./train/TRAIN_2707.wav,0
TRAIN_0297,./train/TRAIN_0297.wav,5
TRAIN_2339,./train/TRAIN_2339.wav,1
TRAIN_0653,./train/TRAIN_0653.wav,0
TRAIN_3774,./train/TRAIN_3774.wav,1
TRAIN_1255,./train/TRAIN_1255.wav,1
TRAIN_4521,./train/TRAIN_4521.wav,4
TRAIN_0230,./train/TRAIN_0230.wav,4
TRAIN_3276,./train/TRAIN_3276.wav,5
TRAIN_3230,./train/TRAIN_3230.wav,5
TRAIN_0691,./train/TRAIN_0691.wav,3
TRAIN_2754,./train/TRAIN_2754.wav,2
TRAIN_4864,./train/TRAIN_4864.wav,2
TRAIN_0969,./train/TRAIN_0969.wav,4
TRAIN_0633,./train/TRAIN_0633.wav,0
TRAIN_4092,./train/TRAIN_4092.wav,5
TRAIN_4077,./train/TRAIN_4077.wav,3
TRAIN_1321,./train/TRAIN_1321.wav,4
TRAIN_1831,./train/TRAIN_1831.wav,1
TRAIN_2178,./train/TRAIN_2178.wav,3
TRAIN_1417,./train/TRAIN_1417.wav,4
TRAIN_1782,./train/TRAIN_1782.wav,0
TRAIN_4277,./train/TRAIN_4277.wav,3
TRAIN_4702,./train/TRAIN_4702.wav,5
TRAIN_4118,./train/TRAIN_4118.wav,3
TRAIN_1652,./train/TRAIN_1652.wav,1
TRAIN_1483,./train/TRAIN_1483.wav,1
TRAIN_2275,./train/TRAIN_2275.wav,5
TRAIN_0877,./train/TRAIN_0877.wav,2
TRAIN_3525,./train/TRAIN_3525.wav,5
TRAIN_2016,./train/TRAIN_2016.wav,3
TRAIN_0426,./train/TRAIN_0426.wav,1
TRAIN_0626,./train/TRAIN_0626.wav,4
TRAIN_1589,./train/TRAIN_1589.wav,0
TRAIN_2223,./train/TRAIN_2223.wav,0
TRAIN_2217,./train/TRAIN_2217.wav,0
TRAIN_4484,./train/TRAIN_4484.wav,3
TRAIN_1485,./train/TRAIN_1485.wav,2
TRAIN_1739,./train/TRAIN_1739.wav,0
TRAIN_2480,./train/TRAIN_2480.wav,5
TRAIN_2584,./train/TRAIN_2584.wav,3
TRAIN_2893,./train/TRAIN_2893.wav,4
TRAIN_0149,./train/TRAIN_0149.wav,4
TRAIN_0676,./train/TRAIN_0676.wav,1
TRAIN_1261,./train/TRAIN_1261.wav,0
TRAIN_4918,./train/TRAIN_4918.wav,3
TRAIN_0012,./train/TRAIN_0012.wav,4
TRAIN_1833,./train/TRAIN_1833.wav,1
TRAIN_3248,./train/TRAIN_3248.wav,5
TRAIN_1491,./train/TRAIN_1491.wav,4
TRAIN_2727,./train/TRAIN_2727.wav,1
TRAIN_3686,./train/TRAIN_3686.wav,4
TRAIN_1424,./train/TRAIN_1424.wav,2
TRAIN_4606,./train/TRAIN_4606.wav,5
TRAIN_4593,./train/TRAIN_4593.wav,5
TRAIN_0731,./train/TRAIN_0731.wav,4
TRAIN_1231,./train/TRAIN_1231.wav,5
TRAIN_1634,./train/TRAIN_1634.wav,2
TRAIN_3936,./train/TRAIN_3936.wav,3
TRAIN_1210,./train/TRAIN_1210.wav,4
TRAIN_3268,./train/TRAIN_3268.wav,4
TRAIN_1934,./train/TRAIN_1934.wav,0
TRAIN_0553,./train/TRAIN_0553.wav,2
TRAIN_0491,./train/TRAIN_0491.wav,0
TRAIN_2962,./train/TRAIN_2962.wav,2
TRAIN_2329,./train/TRAIN_2329.wav,5
TRAIN_2195,./train/TRAIN_2195.wav,1
TRAIN_3064,./train/TRAIN_3064.wav,2
TRAIN_0657,./train/TRAIN_0657.wav,0
TRAIN_2374,./train/TRAIN_2374.wav,5
TRAIN_2225,./train/TRAIN_2225.wav,3
TRAIN_4265,./train/TRAIN_4265.wav,3
TRAIN_1170,./train/TRAIN_1170.wav,0
TRAIN_0132,./train/TRAIN_0132.wav,5
TRAIN_0471,./train/TRAIN_0471.wav,5
TRAIN_3225,./train/TRAIN_3225.wav,2
TRAIN_1405,./train/TRAIN_1405.wav,0
TRAIN_2876,./train/TRAIN_2876.wav,2
TRAIN_4505,./train/TRAIN_4505.wav,0
TRAIN_4693,./train/TRAIN_4693.wav,3
TRAIN_2826,./train/TRAIN_2826.wav,5
TRAIN_0287,./train/TRAIN_0287.wav,5
TRAIN_1869,./train/TRAIN_1869.wav,5
TRAIN_3114,./train/TRAIN_3114.wav,0
TRAIN_3625,./train/TRAIN_3625.wav,4
TRAIN_2312,./train/TRAIN_2312.wav,0
TRAIN_4888,./train/TRAIN_4888.wav,1
TRAIN_1618,./train/TRAIN_1618.wav,1
TRAIN_0994,./train/TRAIN_0994.wav,3
TRAIN_1803,./train/TRAIN_1803.wav,0
TRAIN_2642,./train/TRAIN_2642.wav,3
TRAIN_4803,./train/TRAIN_4803.wav,3
TRAIN_3535,./train/TRAIN_3535.wav,3
TRAIN_4832,./train/TRAIN_4832.wav,3
TRAIN_3911,./train/TRAIN_3911.wav,4
TRAIN_2107,./train/TRAIN_2107.wav,0
TRAIN_3044,./train/TRAIN_3044.wav,4
TRAIN_0416,./train/TRAIN_0416.wav,1
TRAIN_0977,./train/TRAIN_0977.wav,2
TRAIN_2417,./train/TRAIN_2417.wav,5
TRAIN_0505,./train/TRAIN_0505.wav,4
TRAIN_4152,./train/TRAIN_4152.wav,0
TRAIN_4256,./train/TRAIN_4256.wav,3
TRAIN_3941,./train/TRAIN_3941.wav,0
TRAIN_0414,./train/TRAIN_0414.wav,2
TRAIN_4148,./train/TRAIN_4148.wav,2
TRAIN_1183,./train/TRAIN_1183.wav,5
TRAIN_0485,./train/TRAIN_0485.wav,5
TRAIN_0893,./train/TRAIN_0893.wav,1
TRAIN_0805,./train/TRAIN_0805.wav,1
TRAIN_0555,./train/TRAIN_0555.wav,5
TRAIN_3825,./train/TRAIN_3825.wav,2
TRAIN_1197,./train/TRAIN_1197.wav,2
TRAIN_4254,./train/TRAIN_4254.wav,2
TRAIN_4058,./train/TRAIN_4058.wav,4
TRAIN_1293,./train/TRAIN_1293.wav,1
TRAIN_2221,./train/TRAIN_2221.wav,1
TRAIN_3504,./train/TRAIN_3504.wav,5
TRAIN_3654,./train/TRAIN_3654.wav,4
TRAIN_4759,./train/TRAIN_4759.wav,5
TRAIN_3006,./train/TRAIN_3006.wav,1
TRAIN_2093,./train/TRAIN_2093.wav,2
TRAIN_2187,./train/TRAIN_2187.wav,4
TRAIN_3036,./train/TRAIN_3036.wav,4
TRAIN_3918,./train/TRAIN_3918.wav,1
TRAIN_1272,./train/TRAIN_1272.wav,1
TRAIN_0290,./train/TRAIN_0290.wav,0
TRAIN_4828,./train/TRAIN_4828.wav,3
TRAIN_0252,./train/TRAIN_0252.wav,3
TRAIN_3245,./train/TRAIN_3245.wav,1
TRAIN_0350,./train/TRAIN_0350.wav,0
TRAIN_1187,./train/TRAIN_1187.wav,0
TRAIN_1961,./train/TRAIN_1961.wav,3
TRAIN_0422,./train/TRAIN_0422.wav,4
TRAIN_0090,./train/TRAIN_0090.wav,5
TRAIN_3729,./train/TRAIN_3729.wav,5
TRAIN_2236,./train/TRAIN_2236.wav,0
TRAIN_0670,./train/TRAIN_0670.wav,2
TRAIN_3040,./train/TRAIN_3040.wav,2
TRAIN_0026,./train/TRAIN_0026.wav,2
TRAIN_0429,./train/TRAIN_0429.wav,5
TRAIN_0683,./train/TRAIN_0683.wav,3
TRAIN_4464,./train/TRAIN_4464.wav,5
TRAIN_3945,./train/TRAIN_3945.wav,3
TRAIN_3523,./train/TRAIN_3523.wav,0
TRAIN_1541,./train/TRAIN_1541.wav,2
TRAIN_2031,./train/TRAIN_2031.wav,2
TRAIN_2232,./train/TRAIN_2232.wav,4
TRAIN_4120,./train/TRAIN_4120.wav,4
TRAIN_3235,./train/TRAIN_3235.wav,3
TRAIN_0254,./train/TRAIN_0254.wav,1
TRAIN_1029,./train/TRAIN_1029.wav,4
TRAIN_4393,./train/TRAIN_4393.wav,5
TRAIN_3800,./train/TRAIN_3800.wav,0
TRAIN_4311,./train/TRAIN_4311.wav,5
TRAIN_2509,./train/TRAIN_2509.wav,1
TRAIN_2292,./train/TRAIN_2292.wav,5
TRAIN_1323,./train/TRAIN_1323.wav,4
TRAIN_1550,./train/TRAIN_1550.wav,3
TRAIN_4648,./train/TRAIN_4648.wav,5
TRAIN_0315,./train/TRAIN_0315.wav,0
TRAIN_1242,./train/TRAIN_1242.wav,5
TRAIN_2450,./train/TRAIN_2450.wav,2
TRAIN_1578,./train/TRAIN_1578.wav,4
TRAIN_4626,./train/TRAIN_4626.wav,2
TRAIN_3116,./train/TRAIN_3116.wav,3
TRAIN_0069,./train/TRAIN_0069.wav,0
TRAIN_0859,./train/TRAIN_0859.wav,5
TRAIN_2753,./train/TRAIN_2753.wav,3
TRAIN_1632,./train/TRAIN_1632.wav,1
TRAIN_1650,./train/TRAIN_1650.wav,2
TRAIN_3860,./train/TRAIN_3860.wav,2
TRAIN_3106,./train/TRAIN_3106.wav,0
TRAIN_1074,./train/TRAIN_1074.wav,5
TRAIN_4001,./train/TRAIN_4001.wav,2
TRAIN_0787,./train/TRAIN_0787.wav,4
TRAIN_2605,./train/TRAIN_2605.wav,2
TRAIN_3630,./train/TRAIN_3630.wav,3
TRAIN_2121,./train/TRAIN_2121.wav,0
TRAIN_1874,./train/TRAIN_1874.wav,5
TRAIN_0811,./train/TRAIN_0811.wav,5
TRAIN_0387,./train/TRAIN_0387.wav,1
TRAIN_2882,./train/TRAIN_2882.wav,3
TRAIN_1175,./train/TRAIN_1175.wav,5
TRAIN_3197,./train/TRAIN_3197.wav,4
TRAIN_2623,./train/TRAIN_2623.wav,0
TRAIN_1351,./train/TRAIN_1351.wav,4
TRAIN_0410,./train/TRAIN_0410.wav,4
TRAIN_4212,./train/TRAIN_4212.wav,2
TRAIN_0109,./train/TRAIN_0109.wav,2
TRAIN_4427,./train/TRAIN_4427.wav,5
TRAIN_3429,./train/TRAIN_3429.wav,5
TRAIN_2809,./train/TRAIN_2809.wav,5
TRAIN_2594,./train/TRAIN_2594.wav,1
TRAIN_2836,./train/TRAIN_2836.wav,3
TRAIN_2372,./train/TRAIN_2372.wav,0
TRAIN_1235,./train/TRAIN_1235.wav,5
TRAIN_2146,./train/TRAIN_2146.wav,2
TRAIN_4976,./train/TRAIN_4976.wav,2
TRAIN_0599,./train/TRAIN_0599.wav,5
TRAIN_1434,./train/TRAIN_1434.wav,5
TRAIN_4997,./train/TRAIN_4997.wav,0
TRAIN_0538,./train/TRAIN_0538.wav,1
TRAIN_0721,./train/TRAIN_0721.wav,3
TRAIN_4411,./train/TRAIN_4411.wav,3
TRAIN_1872,./train/TRAIN_1872.wav,5
TRAIN_2845,./train/TRAIN_2845.wav,2
TRAIN_2053,./train/TRAIN_2053.wav,4
TRAIN_2907,./train/TRAIN_2907.wav,0
TRAIN_2254,./train/TRAIN_2254.wav,5
TRAIN_3912,./train/TRAIN_3912.wav,4
TRAIN_0177,./train/TRAIN_0177.wav,2
TRAIN_2890,./train/TRAIN_2890.wav,0
TRAIN_3673,./train/TRAIN_3673.wav,4
TRAIN_0080,./train/TRAIN_0080.wav,4
TRAIN_2561,./train/TRAIN_2561.wav,4
TRAIN_1723,./train/TRAIN_1723.wav,4
TRAIN_1617,./train/TRAIN_1617.wav,1
TRAIN_1654,./train/TRAIN_1654.wav,2
TRAIN_2328,./train/TRAIN_2328.wav,0
TRAIN_4614,./train/TRAIN_4614.wav,0
TRAIN_0221,./train/TRAIN_0221.wav,0
TRAIN_0093,./train/TRAIN_0093.wav,2
TRAIN_2609,./train/TRAIN_2609.wav,4
TRAIN_3382,./train/TRAIN_3382.wav,3
TRAIN_4416,./train/TRAIN_4416.wav,1
TRAIN_1397,./train/TRAIN_1397.wav,4
TRAIN_4342,./train/TRAIN_4342.wav,2
TRAIN_1292,./train/TRAIN_1292.wav,3
TRAIN_2164,./train/TRAIN_2164.wav,5
TRAIN_2939,./train/TRAIN_2939.wav,2
TRAIN_3668,./train/TRAIN_3668.wav,5
TRAIN_0812,./train/TRAIN_0812.wav,3
TRAIN_1258,./train/TRAIN_1258.wav,3
TRAIN_0889,./train/TRAIN_0889.wav,0
TRAIN_1451,./train/TRAIN_1451.wav,4
TRAIN_3316,./train/TRAIN_3316.wav,0
TRAIN_2559,./train/TRAIN_2559.wav,2
TRAIN_3574,./train/TRAIN_3574.wav,5
TRAIN_2680,./train/TRAIN_2680.wav,1
TRAIN_4466,./train/TRAIN_4466.wav,4
TRAIN_4812,./train/TRAIN_4812.wav,2
TRAIN_4680,./train/TRAIN_4680.wav,1
TRAIN_2964,./train/TRAIN_2964.wav,3
TRAIN_2672,./train/TRAIN_2672.wav,3
TRAIN_0561,./train/TRAIN_0561.wav,5
TRAIN_2778,./train/TRAIN_2778.wav,5
TRAIN_2948,./train/TRAIN_2948.wav,5
TRAIN_2817,./train/TRAIN_2817.wav,1
TRAIN_2758,./train/TRAIN_2758.wav,3
TRAIN_1756,./train/TRAIN_1756.wav,1
TRAIN_0724,./train/TRAIN_0724.wav,4
TRAIN_0219,./train/TRAIN_0219.wav,3
TRAIN_4139,./train/TRAIN_4139.wav,1
TRAIN_3957,./train/TRAIN_3957.wav,0
TRAIN_1588,./train/TRAIN_1588.wav,0
TRAIN_3347,./train/TRAIN_3347.wav,0
TRAIN_3970,./train/TRAIN_3970.wav,0
TRAIN_4708,./train/TRAIN_4708.wav,5
TRAIN_0043,./train/TRAIN_0043.wav,5
TRAIN_3001,./train/TRAIN_3001.wav,3
TRAIN_0210,./train/TRAIN_0210.wav,5
TRAIN_0677,./train/TRAIN_0677.wav,2
TRAIN_0354,./train/TRAIN_0354.wav,4
TRAIN_1433,./train/TRAIN_1433.wav,1
TRAIN_0949,./train/TRAIN_0949.wav,5
TRAIN_2843,./train/TRAIN_2843.wav,2
TRAIN_0577,./train/TRAIN_0577.wav,2
TRAIN_3928,./train/TRAIN_3928.wav,1
TRAIN_0544,./train/TRAIN_0544.wav,4
TRAIN_0367,./train/TRAIN_0367.wav,5
TRAIN_1612,./train/TRAIN_1612.wav,5
TRAIN_3550,./train/TRAIN_3550.wav,3
TRAIN_3716,./train/TRAIN_3716.wav,3
TRAIN_3779,./train/TRAIN_3779.wav,2
TRAIN_0135,./train/TRAIN_0135.wav,2
TRAIN_4481,./train/TRAIN_4481.wav,3
TRAIN_1437,./train/TRAIN_1437.wav,4
TRAIN_0047,./train/TRAIN_0047.wav,2
TRAIN_1360,./train/TRAIN_1360.wav,2
TRAIN_0734,./train/TRAIN_0734.wav,2
TRAIN_1534,./train/TRAIN_1534.wav,5
TRAIN_2004,./train/TRAIN_2004.wav,1
TRAIN_3795,./train/TRAIN_3795.wav,0
TRAIN_2519,./train/TRAIN_2519.wav,2
TRAIN_1972,./train/TRAIN_1972.wav,0
TRAIN_0996,./train/TRAIN_0996.wav,2
TRAIN_0061,./train/TRAIN_0061.wav,0
TRAIN_1108,./train/TRAIN_1108.wav,1
TRAIN_2405,./train/TRAIN_2405.wav,4
TRAIN_0095,./train/TRAIN_0095.wav,0
TRAIN_0478,./train/TRAIN_0478.wav,3
TRAIN_4532,./train/TRAIN_4532.wav,3
TRAIN_4112,./train/TRAIN_4112.wav,1
TRAIN_3707,./train/TRAIN_3707.wav,0
TRAIN_1101,./train/TRAIN_1101.wav,0
TRAIN_2746,./train/TRAIN_2746.wav,1
TRAIN_2170,./train/TRAIN_2170.wav,0
TRAIN_0322,./train/TRAIN_0322.wav,0
TRAIN_4255,./train/TRAIN_4255.wav,5
TRAIN_3142,./train/TRAIN_3142.wav,0
TRAIN_3537,./train/TRAIN_3537.wav,4
TRAIN_4926,./train/TRAIN_4926.wav,0
TRAIN_2924,./train/TRAIN_2924.wav,4
TRAIN_1149,./train/TRAIN_1149.wav,4
TRAIN_3617,./train/TRAIN_3617.wav,1
TRAIN_0291,./train/TRAIN_0291.wav,3
TRAIN_3749,./train/TRAIN_3749.wav,5
TRAIN_3586,./train/TRAIN_3586.wav,0
TRAIN_0533,./train/TRAIN_0533.wav,4
TRAIN_3607,./train/TRAIN_3607.wav,5
TRAIN_2648,./train/TRAIN_2648.wav,3
TRAIN_4811,./train/TRAIN_4811.wav,4
TRAIN_1983,./train/TRAIN_1983.wav,0
TRAIN_2932,./train/TRAIN_2932.wav,0
TRAIN_1536,./train/TRAIN_1536.wav,1
TRAIN_4535,./train/TRAIN_4535.wav,2
TRAIN_4172,./train/TRAIN_4172.wav,3
TRAIN_3360,./train/TRAIN_3360.wav,3
TRAIN_3665,./train/TRAIN_3665.wav,0
TRAIN_4005,./train/TRAIN_4005.wav,2
TRAIN_3626,./train/TRAIN_3626.wav,4
TRAIN_0586,./train/TRAIN_0586.wav,2
TRAIN_3256,./train/TRAIN_3256.wav,3
TRAIN_2298,./train/TRAIN_2298.wav,2
TRAIN_3988,./train/TRAIN_3988.wav,4
TRAIN_0584,./train/TRAIN_0584.wav,2
TRAIN_2423,./train/TRAIN_2423.wav,2
TRAIN_1391,./train/TRAIN_1391.wav,3
TRAIN_4526,./train/TRAIN_4526.wav,0
TRAIN_4921,./train/TRAIN_4921.wav,2
TRAIN_4801,./train/TRAIN_4801.wav,3
TRAIN_3240,./train/TRAIN_3240.wav,2
TRAIN_4813,./train/TRAIN_4813.wav,3
TRAIN_3338,./train/TRAIN_3338.wav,4
TRAIN_3220,./train/TRAIN_3220.wav,2
TRAIN_2111,./train/TRAIN_2111.wav,1
TRAIN_1174,./train/TRAIN_1174.wav,5
TRAIN_4863,./train/TRAIN_4863.wav,4
TRAIN_3811,./train/TRAIN_3811.wav,0
TRAIN_1867,./train/TRAIN_1867.wav,2
TRAIN_2614,./train/TRAIN_2614.wav,2
TRAIN_3866,./train/TRAIN_3866.wav,1
TRAIN_4886,./train/TRAIN_4886.wav,3
TRAIN_3778,./train/TRAIN_3778.wav,2
TRAIN_3846,./train/TRAIN_3846.wav,2
TRAIN_2416,./train/TRAIN_2416.wav,3
TRAIN_0070,./train/TRAIN_0070.wav,4
TRAIN_4881,./train/TRAIN_4881.wav,0
TRAIN_1126,./train/TRAIN_1126.wav,1
TRAIN_4024,./train/TRAIN_4024.wav,3
TRAIN_3250,./train/TRAIN_3250.wav,2
TRAIN_3901,./train/TRAIN_3901.wav,5
TRAIN_1095,./train/TRAIN_1095.wav,5
TRAIN_4546,./train/TRAIN_4546.wav,0
TRAIN_1212,./train/TRAIN_1212.wav,4
TRAIN_3921,./train/TRAIN_3921.wav,5
TRAIN_1425,./train/TRAIN_1425.wav,2
TRAIN_3066,./train/TRAIN_3066.wav,3
TRAIN_4520,./train/TRAIN_4520.wav,5
TRAIN_2100,./train/TRAIN_2100.wav,4
TRAIN_0807,./train/TRAIN_0807.wav,2
TRAIN_4556,./train/TRAIN_4556.wav,2
TRAIN_3750,./train/TRAIN_3750.wav,0
TRAIN_1362,./train/TRAIN_1362.wav,4
TRAIN_2317,./train/TRAIN_2317.wav,5
TRAIN_4381,./train/TRAIN_4381.wav,2
TRAIN_4566,./train/TRAIN_4566.wav,3
TRAIN_1025,./train/TRAIN_1025.wav,2
TRAIN_3109,./train/TRAIN_3109.wav,5
TRAIN_2110,./train/TRAIN_2110.wav,0
TRAIN_1041,./train/TRAIN_1041.wav,4
TRAIN_1876,./train/TRAIN_1876.wav,0
TRAIN_0881,./train/TRAIN_0881.wav,0
TRAIN_4351,./train/TRAIN_4351.wav,0
TRAIN_1192,./train/TRAIN_1192.wav,1
TRAIN_4588,./train/TRAIN_4588.wav,1
TRAIN_4511,./train/TRAIN_4511.wav,0
TRAIN_3670,./train/TRAIN_3670.wav,0
TRAIN_0624,./train/TRAIN_0624.wav,2
TRAIN_2796,./train/TRAIN_2796.wav,3
TRAIN_4292,./train/TRAIN_4292.wav,5
TRAIN_4969,./train/TRAIN_4969.wav,4
TRAIN_0233,./train/TRAIN_0233.wav,1
TRAIN_4567,./train/TRAIN_4567.wav,5
TRAIN_1662,./train/TRAIN_1662.wav,1
TRAIN_0415,./train/TRAIN_0415.wav,1
TRAIN_4247,./train/TRAIN_4247.wav,5
TRAIN_2173,./train/TRAIN_2173.wav,4
TRAIN_1456,./train/TRAIN_1456.wav,5
TRAIN_0746,./train/TRAIN_0746.wav,5
TRAIN_0017,./train/TRAIN_0017.wav,1
TRAIN_1200,./train/TRAIN_1200.wav,0
TRAIN_1699,./train/TRAIN_1699.wav,0
TRAIN_3253,./train/TRAIN_3253.wav,3
TRAIN_0596,./train/TRAIN_0596.wav,3
TRAIN_3226,./train/TRAIN_3226.wav,3
TRAIN_4406,./train/TRAIN_4406.wav,0
TRAIN_4720,./train/TRAIN_4720.wav,0
TRAIN_1505,./train/TRAIN_1505.wav,1
TRAIN_1412,./train/TRAIN_1412.wav,0
TRAIN_1965,./train/TRAIN_1965.wav,0
TRAIN_0371,./train/TRAIN_0371.wav,1
TRAIN_1340,./train/TRAIN_1340.wav,1
TRAIN_0598,./train/TRAIN_0598.wav,0
TRAIN_0238,./train/TRAIN_0238.wav,2
TRAIN_3400,./train/TRAIN_3400.wav,5
TRAIN_2067,./train/TRAIN_2067.wav,5
TRAIN_0810,./train/TRAIN_0810.wav,3
TRAIN_1094,./train/TRAIN_1094.wav,3
TRAIN_4325,./train/TRAIN_4325.wav,2
TRAIN_4434,./train/TRAIN_4434.wav,1
TRAIN_3676,./train/TRAIN_3676.wav,3
TRAIN_3464,./train/TRAIN_3464.wav,2
TRAIN_3103,./train/TRAIN_3103.wav,3
TRAIN_2749,./train/TRAIN_2749.wav,5
TRAIN_2295,./train/TRAIN_2295.wav,4
TRAIN_4192,./train/TRAIN_4192.wav,1
TRAIN_3708,./train/TRAIN_3708.wav,4
TRAIN_3018,./train/TRAIN_3018.wav,0
TRAIN_4253,./train/TRAIN_4253.wav,4
TRAIN_0803,./train/TRAIN_0803.wav,3
TRAIN_4190,./train/TRAIN_4190.wav,0
TRAIN_3705,./train/TRAIN_3705.wav,0
TRAIN_0751,./train/TRAIN_0751.wav,2
TRAIN_4645,./train/TRAIN_4645.wav,0
TRAIN_2531,./train/TRAIN_2531.wav,1
TRAIN_0621,./train/TRAIN_0621.wav,5
TRAIN_2297,./train/TRAIN_2297.wav,5
TRAIN_3828,./train/TRAIN_3828.wav,4
TRAIN_0566,./train/TRAIN_0566.wav,4
TRAIN_1135,./train/TRAIN_1135.wav,1
TRAIN_1204,./train/TRAIN_1204.wav,0
TRAIN_1047,./train/TRAIN_1047.wav,3
TRAIN_0051,./train/TRAIN_0051.wav,5
TRAIN_3651,./train/TRAIN_3651.wav,4
TRAIN_1044,./train/TRAIN_1044.wav,2
TRAIN_2181,./train/TRAIN_2181.wav,5
TRAIN_2688,./train/TRAIN_2688.wav,1
TRAIN_0534,./train/TRAIN_0534.wav,1
TRAIN_3184,./train/TRAIN_3184.wav,2
TRAIN_3857,./train/TRAIN_3857.wav,1
TRAIN_0443,./train/TRAIN_0443.wav,5
TRAIN_3604,./train/TRAIN_3604.wav,4
TRAIN_0195,./train/TRAIN_0195.wav,0
TRAIN_1115,./train/TRAIN_1115.wav,2
TRAIN_0765,./train/TRAIN_0765.wav,0
TRAIN_1945,./train/TRAIN_1945.wav,4
TRAIN_3247,./train/TRAIN_3247.wav,1
TRAIN_3002,./train/TRAIN_3002.wav,3
TRAIN_1432,./train/TRAIN_1432.wav,0
TRAIN_4200,./train/TRAIN_4200.wav,0
TRAIN_3095,./train/TRAIN_3095.wav,1
TRAIN_2922,./train/TRAIN_2922.wav,5
TRAIN_0644,./train/TRAIN_0644.wav,5
TRAIN_1049,./train/TRAIN_1049.wav,5
TRAIN_3745,./train/TRAIN_3745.wav,1
TRAIN_4093,./train/TRAIN_4093.wav,0
TRAIN_4404,./train/TRAIN_4404.wav,0
TRAIN_0120,./train/TRAIN_0120.wav,0
TRAIN_2052,./train/TRAIN_2052.wav,1
TRAIN_4259,./train/TRAIN_4259.wav,2
TRAIN_4889,./train/TRAIN_4889.wav,1
TRAIN_4335,./train/TRAIN_4335.wav,4
TRAIN_4692,./train/TRAIN_4692.wav,4
TRAIN_0134,./train/TRAIN_0134.wav,4
TRAIN_2460,./train/TRAIN_2460.wav,2
TRAIN_1954,./train/TRAIN_1954.wav,0
TRAIN_2463,./train/TRAIN_2463.wav,3
TRAIN_0184,./train/TRAIN_0184.wav,2
TRAIN_1392,./train/TRAIN_1392.wav,3
TRAIN_2276,./train/TRAIN_2276.wav,0
TRAIN_0511,./train/TRAIN_0511.wav,0
TRAIN_4730,./train/TRAIN_4730.wav,3
TRAIN_4054,./train/TRAIN_4054.wav,3
TRAIN_3137,./train/TRAIN_3137.wav,0
TRAIN_2669,./train/TRAIN_2669.wav,2
TRAIN_4774,./train/TRAIN_4774.wav,2
TRAIN_4862,./train/TRAIN_4862.wav,2
TRAIN_2117,./train/TRAIN_2117.wav,2
TRAIN_0251,./train/TRAIN_0251.wav,2
TRAIN_3526,./train/TRAIN_3526.wav,1
TRAIN_3559,./train/TRAIN_3559.wav,3
TRAIN_4011,./train/TRAIN_4011.wav,1
TRAIN_1507,./train/TRAIN_1507.wav,4
TRAIN_0122,./train/TRAIN_0122.wav,4
TRAIN_4260,./train/TRAIN_4260.wav,5
TRAIN_3333,./train/TRAIN_3333.wav,2
TRAIN_1871,./train/TRAIN_1871.wav,5
TRAIN_3692,./train/TRAIN_3692.wav,3
TRAIN_0567,./train/TRAIN_0567.wav,0
TRAIN_1371,./train/TRAIN_1371.wav,2
TRAIN_3185,./train/TRAIN_3185.wav,2
TRAIN_3955,./train/TRAIN_3955.wav,1
TRAIN_1056,./train/TRAIN_1056.wav,1
TRAIN_0856,./train/TRAIN_0856.wav,1
TRAIN_3838,./train/TRAIN_3838.wav,1
TRAIN_2860,./train/TRAIN_2860.wav,3
TRAIN_4770,./train/TRAIN_4770.wav,5
TRAIN_0776,./train/TRAIN_0776.wav,3
TRAIN_0720,./train/TRAIN_0720.wav,0
TRAIN_2710,./train/TRAIN_2710.wav,5
TRAIN_2654,./train/TRAIN_2654.wav,1
TRAIN_4878,./train/TRAIN_4878.wav,4
TRAIN_0602,./train/TRAIN_0602.wav,5
TRAIN_3822,./train/TRAIN_3822.wav,2
TRAIN_1244,./train/TRAIN_1244.wav,4
TRAIN_4846,./train/TRAIN_4846.wav,0
TRAIN_4842,./train/TRAIN_4842.wav,2
TRAIN_0318,./train/TRAIN_0318.wav,5
TRAIN_0828,./train/TRAIN_0828.wav,2
TRAIN_3263,./train/TRAIN_3263.wav,2
TRAIN_0274,./train/TRAIN_0274.wav,3
TRAIN_2664,./train/TRAIN_2664.wav,5
TRAIN_0549,./train/TRAIN_0549.wav,3
TRAIN_3641,./train/TRAIN_3641.wav,1
TRAIN_4053,./train/TRAIN_4053.wav,5
TRAIN_4893,./train/TRAIN_4893.wav,4
TRAIN_2934,./train/TRAIN_2934.wav,3
TRAIN_0605,./train/TRAIN_0605.wav,5
TRAIN_0896,./train/TRAIN_0896.wav,1
TRAIN_0527,./train/TRAIN_0527.wav,1
TRAIN_4608,./train/TRAIN_4608.wav,0
TRAIN_2347,./train/TRAIN_2347.wav,5
TRAIN_3439,./train/TRAIN_3439.wav,5
TRAIN_4999,./train/TRAIN_4999.wav,1
TRAIN_4827,./train/TRAIN_4827.wav,4
TRAIN_3922,./train/TRAIN_3922.wav,5
TRAIN_0298,./train/TRAIN_0298.wav,3
TRAIN_2119,./train/TRAIN_2119.wav,1
TRAIN_2536,./train/TRAIN_2536.wav,1
TRAIN_4203,./train/TRAIN_4203.wav,1
TRAIN_3254,./train/TRAIN_3254.wav,2
TRAIN_3725,./train/TRAIN_3725.wav,0
TRAIN_1260,./train/TRAIN_1260.wav,0
TRAIN_1558,./train/TRAIN_1558.wav,5
TRAIN_3269,./train/TRAIN_3269.wav,2
TRAIN_4046,./train/TRAIN_4046.wav,1
TRAIN_0756,./train/TRAIN_0756.wav,5
TRAIN_1010,./train/TRAIN_1010.wav,3
TRAIN_2794,./train/TRAIN_2794.wav,2
TRAIN_2905,./train/TRAIN_2905.wav,2
TRAIN_1870,./train/TRAIN_1870.wav,1
TRAIN_2229,./train/TRAIN_2229.wav,4
TRAIN_1173,./train/TRAIN_1173.wav,0
TRAIN_1832,./train/TRAIN_1832.wav,1
TRAIN_0376,./train/TRAIN_0376.wav,2
TRAIN_3853,./train/TRAIN_3853.wav,1
TRAIN_3616,./train/TRAIN_3616.wav,0
TRAIN_0798,./train/TRAIN_0798.wav,4
TRAIN_0378,./train/TRAIN_0378.wav,4
TRAIN_1158,./train/TRAIN_1158.wav,2
TRAIN_3819,./train/TRAIN_3819.wav,3
TRAIN_2792,./train/TRAIN_2792.wav,5
TRAIN_2240,./train/TRAIN_2240.wav,0
TRAIN_4035,./train/TRAIN_4035.wav,5
TRAIN_2662,./train/TRAIN_2662.wav,2
TRAIN_4012,./train/TRAIN_4012.wav,1
TRAIN_2957,./train/TRAIN_2957.wav,3
TRAIN_3927,./train/TRAIN_3927.wav,5
TRAIN_1038,./train/TRAIN_1038.wav,0
TRAIN_3259,./train/TRAIN_3259.wav,3
TRAIN_1344,./train/TRAIN_1344.wav,4
TRAIN_2505,./train/TRAIN_2505.wav,2
TRAIN_1721,./train/TRAIN_1721.wav,4
TRAIN_4664,./train/TRAIN_4664.wav,0
TRAIN_0175,./train/TRAIN_0175.wav,3
TRAIN_4894,./train/TRAIN_4894.wav,1
TRAIN_1909,./train/TRAIN_1909.wav,5
TRAIN_0045,./train/TRAIN_0045.wav,1
TRAIN_3409,./train/TRAIN_3409.wav,2
TRAIN_4675,./train/TRAIN_4675.wav,5
TRAIN_1075,./train/TRAIN_1075.wav,5
TRAIN_2829,./train/TRAIN_2829.wav,3
TRAIN_1504,./train/TRAIN_1504.wav,2
TRAIN_2309,./train/TRAIN_2309.wav,4
TRAIN_1436,./train/TRAIN_1436.wav,1
TRAIN_2418,./train/TRAIN_2418.wav,4
TRAIN_3986,./train/TRAIN_3986.wav,2
TRAIN_3098,./train/TRAIN_3098.wav,3
TRAIN_4589,./train/TRAIN_4589.wav,1
TRAIN_0283,./train/TRAIN_0283.wav,2
TRAIN_4919,./train/TRAIN_4919.wav,0
TRAIN_0842,./train/TRAIN_0842.wav,2
TRAIN_1513,./train/TRAIN_1513.wav,4
TRAIN_1168,./train/TRAIN_1168.wav,3
TRAIN_1592,./train/TRAIN_1592.wav,2
TRAIN_3460,./train/TRAIN_3460.wav,1
TRAIN_3165,./train/TRAIN_3165.wav,5
TRAIN_2284,./train/TRAIN_2284.wav,0
TRAIN_3575,./train/TRAIN_3575.wav,1
TRAIN_4871,./train/TRAIN_4871.wav,3
TRAIN_2305,./train/TRAIN_2305.wav,5
TRAIN_0952,./train/TRAIN_0952.wav,2
TRAIN_4943,./train/TRAIN_4943.wav,2
TRAIN_3053,./train/TRAIN_3053.wav,0
TRAIN_4560,./train/TRAIN_4560.wav,0
TRAIN_2685,./train/TRAIN_2685.wav,0
TRAIN_1489,./train/TRAIN_1489.wav,3
TRAIN_0927,./train/TRAIN_0927.wav,0
TRAIN_1209,./train/TRAIN_1209.wav,2
TRAIN_3973,./train/TRAIN_3973.wav,4
TRAIN_3545,./train/TRAIN_3545.wav,2
TRAIN_4362,./train/TRAIN_4362.wav,2
TRAIN_1921,./train/TRAIN_1921.wav,1
TRAIN_0351,./train/TRAIN_0351.wav,4
TRAIN_4899,./train/TRAIN_4899.wav,5
TRAIN_3393,./train/TRAIN_3393.wav,3
TRAIN_2721,./train/TRAIN_2721.wav,2
TRAIN_4982,./train/TRAIN_4982.wav,4
TRAIN_0718,./train/TRAIN_0718.wav,5
TRAIN_2702,./train/TRAIN_2702.wav,1
TRAIN_2722,./train/TRAIN_2722.wav,2
TRAIN_4562,./train/TRAIN_4562.wav,1
TRAIN_0308,./train/TRAIN_0308.wav,1
TRAIN_1675,./train/TRAIN_1675.wav,3
TRAIN_0833,./train/TRAIN_0833.wav,4
TRAIN_0366,./train/TRAIN_0366.wav,3
TRAIN_4507,./train/TRAIN_4507.wav,5
TRAIN_2078,./train/TRAIN_2078.wav,0
TRAIN_4038,./train/TRAIN_4038.wav,0
TRAIN_4847,./train/TRAIN_4847.wav,2
TRAIN_4480,./train/TRAIN_4480.wav,4
TRAIN_1746,./train/TRAIN_1746.wav,3
TRAIN_0019,./train/TRAIN_0019.wav,0
TRAIN_1322,./train/TRAIN_1322.wav,2
TRAIN_3567,./train/TRAIN_3567.wav,3
TRAIN_2521,./train/TRAIN_2521.wav,0
TRAIN_0218,./train/TRAIN_0218.wav,5
TRAIN_1487,./train/TRAIN_1487.wav,4
TRAIN_0438,./train/TRAIN_0438.wav,1
TRAIN_4174,./train/TRAIN_4174.wav,5
TRAIN_2750,./train/TRAIN_2750.wav,3
TRAIN_3288,./train/TRAIN_3288.wav,3
TRAIN_3433,./train/TRAIN_3433.wav,2
TRAIN_2525,./train/TRAIN_2525.wav,2
TRAIN_4651,./train/TRAIN_4651.wav,1
TRAIN_3688,./train/TRAIN_3688.wav,0
TRAIN_2763,./train/TRAIN_2763.wav,2
TRAIN_0802,./train/TRAIN_0802.wav,1
TRAIN_2997,./train/TRAIN_2997.wav,3
TRAIN_2228,./train/TRAIN_2228.wav,4
TRAIN_4786,./train/TRAIN_4786.wav,1
TRAIN_2077,./train/TRAIN_2077.wav,0
TRAIN_0582,./train/TRAIN_0582.wav,4
TRAIN_0203,./train/TRAIN_0203.wav,3
TRAIN_4347,./train/TRAIN_4347.wav,4
TRAIN_3478,./train/TRAIN_3478.wav,0
TRAIN_2929,./train/TRAIN_2929.wav,2
TRAIN_3085,./train/TRAIN_3085.wav,1
TRAIN_1018,./train/TRAIN_1018.wav,0
TRAIN_1583,./train/TRAIN_1583.wav,4
TRAIN_1032,./train/TRAIN_1032.wav,1
TRAIN_1718,./train/TRAIN_1718.wav,2
TRAIN_1281,./train/TRAIN_1281.wav,2
TRAIN_2498,./train/TRAIN_2498.wav,4
TRAIN_3350,./train/TRAIN_3350.wav,0
TRAIN_0517,./train/TRAIN_0517.wav,4
TRAIN_1747,./train/TRAIN_1747.wav,5
TRAIN_4365,./train/TRAIN_4365.wav,4
TRAIN_3732,./train/TRAIN_3732.wav,5
TRAIN_0668,./train/TRAIN_0668.wav,5
TRAIN_4059,./train/TRAIN_4059.wav,0
TRAIN_3026,./train/TRAIN_3026.wav,1
TRAIN_4912,./train/TRAIN_4912.wav,3
TRAIN_3286,./train/TRAIN_3286.wav,0
TRAIN_2650,./train/TRAIN_2650.wav,3
TRAIN_4299,./train/TRAIN_4299.wav,2
TRAIN_3192,./train/TRAIN_3192.wav,2
TRAIN_2124,./train/TRAIN_2124.wav,4
TRAIN_3375,./train/TRAIN_3375.wav,5
TRAIN_3392,./train/TRAIN_3392.wav,2
TRAIN_3485,./train/TRAIN_3485.wav,3
TRAIN_0759,./train/TRAIN_0759.wav,0
TRAIN_3379,./train/TRAIN_3379.wav,5
TRAIN_4441,./train/TRAIN_4441.wav,1
TRAIN_2526,./train/TRAIN_2526.wav,2
TRAIN_4922,./train/TRAIN_4922.wav,5
TRAIN_0907,./train/TRAIN_0907.wav,5
TRAIN_2683,./train/TRAIN_2683.wav,1
TRAIN_0214,./train/TRAIN_0214.wav,1
TRAIN_3331,./train/TRAIN_3331.wav,3
TRAIN_4459,./train/TRAIN_4459.wav,5
TRAIN_0693,./train/TRAIN_0693.wav,0
TRAIN_1503,./train/TRAIN_1503.wav,3
TRAIN_2414,./train/TRAIN_2414.wav,0
TRAIN_2118,./train/TRAIN_2118.wav,2
TRAIN_3858,./train/TRAIN_3858.wav,0
TRAIN_2462,./train/TRAIN_2462.wav,4
TRAIN_3635,./train/TRAIN_3635.wav,2
TRAIN_4105,./train/TRAIN_4105.wav,4
TRAIN_4479,./train/TRAIN_4479.wav,4
TRAIN_0196,./train/TRAIN_0196.wav,1
TRAIN_4668,./train/TRAIN_4668.wav,2
TRAIN_1543,./train/TRAIN_1543.wav,1
TRAIN_1330,./train/TRAIN_1330.wav,2
TRAIN_0879,./train/TRAIN_0879.wav,1
TRAIN_4503,./train/TRAIN_4503.wav,3
TRAIN_3501,./train/TRAIN_3501.wav,1
TRAIN_3894,./train/TRAIN_3894.wav,4
TRAIN_4991,./train/TRAIN_4991.wav,4
TRAIN_0887,./train/TRAIN_0887.wav,3
TRAIN_1345,./train/TRAIN_1345.wav,4
TRAIN_0068,./train/TRAIN_0068.wav,1
TRAIN_4210,./train/TRAIN_4210.wav,2
TRAIN_1815,./train/TRAIN_1815.wav,2
TRAIN_0568,./train/TRAIN_0568.wav,4
TRAIN_2167,./train/TRAIN_2167.wav,5
TRAIN_0096,./train/TRAIN_0096.wav,4
TRAIN_4181,./train/TRAIN_4181.wav,4
TRAIN_3353,./train/TRAIN_3353.wav,3
TRAIN_0139,./train/TRAIN_0139.wav,4
TRAIN_4955,./train/TRAIN_4955.wav,1
TRAIN_2602,./train/TRAIN_2602.wav,4
TRAIN_4023,./train/TRAIN_4023.wav,4
TRAIN_4724,./train/TRAIN_4724.wav,2
TRAIN_1606,./train/TRAIN_1606.wav,5
TRAIN_1629,./train/TRAIN_1629.wav,4
TRAIN_1539,./train/TRAIN_1539.wav,4
TRAIN_1694,./train/TRAIN_1694.wav,4
TRAIN_2059,./train/TRAIN_2059.wav,5
TRAIN_0463,./train/TRAIN_0463.wav,4
TRAIN_2330,./train/TRAIN_2330.wav,0
TRAIN_3043,./train/TRAIN_3043.wav,3
TRAIN_4747,./train/TRAIN_4747.wav,3
TRAIN_0594,./train/TRAIN_0594.wav,1
TRAIN_3814,./train/TRAIN_3814.wav,3
TRAIN_0625,./train/TRAIN_0625.wav,5
TRAIN_0450,./train/TRAIN_0450.wav,3
TRAIN_1499,./train/TRAIN_1499.wav,5
TRAIN_2456,./train/TRAIN_2456.wav,3
TRAIN_4773,./train/TRAIN_4773.wav,2
TRAIN_2984,./train/TRAIN_2984.wav,0
TRAIN_1569,./train/TRAIN_1569.wav,4
TRAIN_1034,./train/TRAIN_1034.wav,0
TRAIN_3518,./train/TRAIN_3518.wav,3
TRAIN_1557,./train/TRAIN_1557.wav,2
TRAIN_3624,./train/TRAIN_3624.wav,4
TRAIN_4665,./train/TRAIN_4665.wav,3
TRAIN_0150,./train/TRAIN_0150.wav,3
TRAIN_1420,./train/TRAIN_1420.wav,0
TRAIN_2011,./train/TRAIN_2011.wav,4
TRAIN_2686,./train/TRAIN_2686.wav,4
TRAIN_1786,./train/TRAIN_1786.wav,5
TRAIN_0088,./train/TRAIN_0088.wav,2
TRAIN_0457,./train/TRAIN_0457.wav,5
TRAIN_1305,./train/TRAIN_1305.wav,0
TRAIN_2925,./train/TRAIN_2925.wav,1
TRAIN_3270,./train/TRAIN_3270.wav,0
TRAIN_3227,./train/TRAIN_3227.wav,0
TRAIN_1988,./train/TRAIN_1988.wav,4
TRAIN_3754,./train/TRAIN_3754.wav,5
TRAIN_3646,./train/TRAIN_3646.wav,1
TRAIN_0831,./train/TRAIN_0831.wav,1
TRAIN_0239,./train/TRAIN_0239.wav,2
TRAIN_4772,./train/TRAIN_4772.wav,3
TRAIN_3022,./train/TRAIN_3022.wav,1
TRAIN_3148,./train/TRAIN_3148.wav,2
TRAIN_1946,./train/TRAIN_1946.wav,1
TRAIN_2775,./train/TRAIN_2775.wav,5
TRAIN_0192,./train/TRAIN_0192.wav,3
TRAIN_4850,./train/TRAIN_4850.wav,2
TRAIN_4940,./train/TRAIN_4940.wav,4
TRAIN_0944,./train/TRAIN_0944.wav,3
TRAIN_1268,./train/TRAIN_1268.wav,4
TRAIN_4231,./train/TRAIN_4231.wav,3
TRAIN_2307,./train/TRAIN_2307.wav,4
TRAIN_4425,./train/TRAIN_4425.wav,1
TRAIN_4712,./train/TRAIN_4712.wav,5
TRAIN_2313,./train/TRAIN_2313.wav,4
TRAIN_3214,./train/TRAIN_3214.wav,5
TRAIN_2732,./train/TRAIN_2732.wav,2
TRAIN_1926,./train/TRAIN_1926.wav,2
TRAIN_4227,./train/TRAIN_4227.wav,1
